key,4,6,12,13
#,Singular,Plural,Description,Name
offset,0,4,8,12
Int32,String,String,String,String
0,,,,
1,橢圓眼鏡,,基礎色的面部配飾。,橢圓眼鏡
2,銀框橢圓眼鏡,,銀色的面部配飾。,銀框橢圓眼鏡
3,金框橢圓眼鏡,,金色的面部配飾。,金框橢圓眼鏡
4,黑框橢圓眼鏡,,黑色的面部配飾。,黑框橢圓眼鏡
5,白框橢圓眼鏡,,白色的面部配飾。,白框橢圓眼鏡
6,灰框橢圓眼鏡,,灰色的面部配飾。,灰框橢圓眼鏡
7,紅框橢圓眼鏡,,紅色的面部配飾。,紅框橢圓眼鏡
8,藍框橢圓眼鏡,,藍色的面部配飾。,藍框橢圓眼鏡
9,綠框橢圓眼鏡,,綠色的面部配飾。,綠框橢圓眼鏡
10,銅框橢圓眼鏡,,銅色的面部配飾。,銅框橢圓眼鏡
11,紫框橢圓眼鏡,,紫色的面部配飾。,紫框橢圓眼鏡
12,棕框橢圓眼鏡,,棕色的面部配飾。,棕框橢圓眼鏡
13,金邊墨鏡,,基礎色的面部配飾。,金邊墨鏡
14,銀框金邊墨鏡,,銀色的面部配飾。,銀框金邊墨鏡
15,金框金邊墨鏡,,金色的面部配飾。,金框金邊墨鏡
16,黑框金邊墨鏡,,黑色的面部配飾。,黑框金邊墨鏡
17,白框金邊墨鏡,,白色的面部配飾。,白框金邊墨鏡
18,灰框金邊墨鏡,,灰色的面部配飾。,灰框金邊墨鏡
19,紅框金邊墨鏡,,紅色的面部配飾。,紅框金邊墨鏡
20,藍框金邊墨鏡,,藍色的面部配飾。,藍框金邊墨鏡
21,綠框金邊墨鏡,,綠色的面部配飾。,綠框金邊墨鏡
22,銅框金邊墨鏡,,銅色的面部配飾。,銅框金邊墨鏡
23,紫框金邊墨鏡,,紫色的面部配飾。,紫框金邊墨鏡
24,棕框金邊墨鏡,,棕色的面部配飾。,棕框金邊墨鏡
25,經典眼鏡,,基礎色的面部配飾。,經典眼鏡
26,銀框經典眼鏡,,銀色的面部配飾。,銀框經典眼鏡
27,金框經典眼鏡,,金色的面部配飾。,金框經典眼鏡
28,黑框經典眼鏡,,黑色的面部配飾。,黑框經典眼鏡
29,白框經典眼鏡,,白色的面部配飾。,白框經典眼鏡
30,灰框經典眼鏡,,灰色的面部配飾。,灰框經典眼鏡
31,紅框經典眼鏡,,紅色的面部配飾。,紅框經典眼鏡
32,藍框經典眼鏡,,藍色的面部配飾。,藍框經典眼鏡
33,綠框經典眼鏡,,綠色的面部配飾。,綠框經典眼鏡
34,銅框經典眼鏡,,銅色的面部配飾。,銅框經典眼鏡
35,紫框經典眼鏡,,紫色的面部配飾。,紫框經典眼鏡
36,棕框經典眼鏡,,棕色的面部配飾。,棕框經典眼鏡
37,玫瑰色眼鏡,,基礎色的面部配飾。,玫瑰色眼鏡
38,銀框玫瑰色眼鏡,,銀色的面部配飾。,銀框玫瑰色眼鏡
39,金框玫瑰色眼鏡,,金色的面部配飾。,金框玫瑰色眼鏡
40,黑框玫瑰色眼鏡,,黑色的面部配飾。,黑框玫瑰色眼鏡
41,白框玫瑰色眼鏡,,白色的面部配飾。,白框玫瑰色眼鏡
42,灰框玫瑰色眼鏡,,灰色的面部配飾。,灰框玫瑰色眼鏡
43,紅框玫瑰色眼鏡,,紅色的面部配飾。,紅框玫瑰色眼鏡
44,藍框玫瑰色眼鏡,,藍色的面部配飾。,藍框玫瑰色眼鏡
45,綠框玫瑰色眼鏡,,綠色的面部配飾。,綠框玫瑰色眼鏡
46,銅框玫瑰色眼鏡,,銅色的面部配飾。,銅框玫瑰色眼鏡
47,紫框玫瑰色眼鏡,,紫色的面部配飾。,紫框玫瑰色眼鏡
48,棕框玫瑰色眼鏡,,棕色的面部配飾。,棕框玫瑰色眼鏡
49,基礎款眼鏡,,基礎色的面部配飾。,基礎款眼鏡
50,銀框基礎款眼鏡,,銀色的面部配飾。,銀框基礎款眼鏡
51,金框基礎款眼鏡,,金色的面部配飾。,金框基礎款眼鏡
52,黑框基礎款眼鏡,,黑色的面部配飾。,黑框基礎款眼鏡
53,白框基礎款眼鏡,,白色的面部配飾。,白框基礎款眼鏡
54,灰框基礎款眼鏡,,灰色的面部配飾。,灰框基礎款眼鏡
55,紅框基礎款眼鏡,,紅色的面部配飾。,紅框基礎款眼鏡
56,藍框基礎款眼鏡,,藍色的面部配飾。,藍框基礎款眼鏡
57,綠框基礎款眼鏡,,綠色的面部配飾。,綠框基礎款眼鏡
58,銅框基礎款眼鏡,,銅色的面部配飾。,銅框基礎款眼鏡
59,紫框基礎款眼鏡,,紫色的面部配飾。,紫框基礎款眼鏡
60,棕框基礎款眼鏡,,棕色的面部配飾。,棕框基礎款眼鏡
61,單眼鏡,,基礎色的面部配飾。,單眼鏡
62,銀框單眼鏡,,銀色的面部配飾。,銀框單眼鏡
63,金框單眼鏡,,金色的面部配飾。,金框單眼鏡
64,黑框單眼鏡,,黑色的面部配飾。,黑框單眼鏡
65,白框單眼鏡,,白色的面部配飾。,白框單眼鏡
66,灰框單眼鏡,,灰色的面部配飾。,灰框單眼鏡
67,紅框單眼鏡,,紅色的面部配飾。,紅框單眼鏡
68,藍框單眼鏡,,藍色的面部配飾。,藍框單眼鏡
69,綠框單眼鏡,,綠色的面部配飾。,綠框單眼鏡
70,銅框單眼鏡,,銅色的面部配飾。,銅框單眼鏡
71,紫框單眼鏡,,紫色的面部配飾。,紫框單眼鏡
72,棕框單眼鏡,,棕色的面部配飾。,棕框單眼鏡
73,現代鼻眼鏡,,基礎色的面部配飾。,現代鼻眼鏡
74,銀框現代鼻眼鏡,,銀色的面部配飾。,銀框現代鼻眼鏡
75,金框現代鼻眼鏡,,金色的面部配飾。,金框現代鼻眼鏡
76,黑框現代鼻眼鏡,,黑色的面部配飾。,黑框現代鼻眼鏡
77,白框現代鼻眼鏡,,白色的面部配飾。,白框現代鼻眼鏡
78,灰框現代鼻眼鏡,,灰色的面部配飾。,灰框現代鼻眼鏡
79,紅框現代鼻眼鏡,,紅色的面部配飾。,紅框現代鼻眼鏡
80,藍框現代鼻眼鏡,,藍色的面部配飾。,藍框現代鼻眼鏡
81,綠框現代鼻眼鏡,,綠色的面部配飾。,綠框現代鼻眼鏡
82,銅框現代鼻眼鏡,,銅色的面部配飾。,銅框現代鼻眼鏡
83,紫框現代鼻眼鏡,,紫色的面部配飾。,紫框現代鼻眼鏡
84,棕框現代鼻眼鏡,,棕色的面部配飾。,棕框現代鼻眼鏡
85,無框眼鏡,,基礎色的面部配飾。,無框眼鏡
86,銀色無框眼鏡,,銀色的面部配飾。,銀色無框眼鏡
87,金色無框眼鏡,,金色的面部配飾。,金色無框眼鏡
88,黑色無框眼鏡,,黑色的面部配飾。,黑色無框眼鏡
89,白色無框眼鏡,,白色的面部配飾。,白色無框眼鏡
90,灰色無框眼鏡,,灰色的面部配飾。,灰色無框眼鏡
91,紅色無框眼鏡,,紅色的面部配飾。,紅色無框眼鏡
92,藍色無框眼鏡,,藍色的面部配飾。,藍色無框眼鏡
93,綠色無框眼鏡,,綠色的面部配飾。,綠色無框眼鏡
94,銅色無框眼鏡,,銅色的面部配飾。,銅色無框眼鏡
95,紫色無框眼鏡,,紫色的面部配飾。,紫色無框眼鏡
96,棕色無框眼鏡,,棕色的面部配飾。,棕色無框眼鏡
97,粗框眼鏡,,基礎色的面部配飾。,粗框眼鏡
98,銀色粗框眼鏡,,銀色的面部配飾。,銀色粗框眼鏡
99,金色粗框眼鏡,,金色的面部配飾。,金色粗框眼鏡
100,黑色粗框眼鏡,,黑色的面部配飾。,黑色粗框眼鏡
101,白色粗框眼鏡,,白色的面部配飾。,白色粗框眼鏡
102,灰色粗框眼鏡,,灰色的面部配飾。,灰色粗框眼鏡
103,紅色粗框眼鏡,,紅色的面部配飾。,紅色粗框眼鏡
104,藍色粗框眼鏡,,藍色的面部配飾。,藍色粗框眼鏡
105,綠色粗框眼鏡,,綠色的面部配飾。,綠色粗框眼鏡
106,銅色粗框眼鏡,,銅色的面部配飾。,銅色粗框眼鏡
107,紫色粗框眼鏡,,紫色的面部配飾。,紫色粗框眼鏡
108,棕色粗框眼鏡,,棕色的面部配飾。,棕色粗框眼鏡
109,藝術眼鏡,,基礎色的面部配飾。,藝術眼鏡
110,銀框藝術眼鏡,,銀色的面部配飾。,銀框藝術眼鏡
111,金框藝術眼鏡,,金色的面部配飾。,金框藝術眼鏡
112,黑框藝術眼鏡,,黑色的面部配飾。,黑框藝術眼鏡
113,白框藝術眼鏡,,白色的面部配飾。,白框藝術眼鏡
114,灰框藝術眼鏡,,灰色的面部配飾。,灰框藝術眼鏡
115,紅框藝術眼鏡,,紅色的面部配飾。,紅框藝術眼鏡
116,藍框藝術眼鏡,,藍色的面部配飾。,藍框藝術眼鏡
117,綠框藝術眼鏡,,綠色的面部配飾。,綠框藝術眼鏡
118,銅框藝術眼鏡,,銅色的面部配飾。,銅框藝術眼鏡
119,紫框藝術眼鏡,,紫色的面部配飾。,紫框藝術眼鏡
120,棕框藝術眼鏡,,棕色的面部配飾。,棕框藝術眼鏡
121,鼻眼鏡,,基礎色的面部配飾。,鼻眼鏡
122,銀框鼻眼鏡,,銀色的面部配飾。,銀框鼻眼鏡
123,金框鼻眼鏡,,金色的面部配飾。,金框鼻眼鏡
124,黑框鼻眼鏡,,黑色的面部配飾。,黑框鼻眼鏡
125,白框鼻眼鏡,,白色的面部配飾。,白框鼻眼鏡
126,灰框鼻眼鏡,,灰色的面部配飾。,灰框鼻眼鏡
127,紅框鼻眼鏡,,紅色的面部配飾。,紅框鼻眼鏡
128,藍框鼻眼鏡,,藍色的面部配飾。,藍框鼻眼鏡
129,綠框鼻眼鏡,,綠色的面部配飾。,綠框鼻眼鏡
130,銅框鼻眼鏡,,銅色的面部配飾。,銅框鼻眼鏡
131,紫框鼻眼鏡,,紫色的面部配飾。,紫框鼻眼鏡
132,棕框鼻眼鏡,,棕色的面部配飾。,棕框鼻眼鏡
133,作業眼鏡,,基礎色的面部配飾。,作業眼鏡
134,銀框作業眼鏡,,銀色的面部配飾。,銀框作業眼鏡
135,金框作業眼鏡,,金色的面部配飾。,金框作業眼鏡
136,黑框作業眼鏡,,黑色的面部配飾。,黑框作業眼鏡
137,白框作業眼鏡,,白色的面部配飾。,白框作業眼鏡
138,灰框作業眼鏡,,灰色的面部配飾。,灰框作業眼鏡
139,紅框作業眼鏡,,紅色的面部配飾。,紅框作業眼鏡
140,藍框作業眼鏡,,藍色的面部配飾。,藍框作業眼鏡
141,綠框作業眼鏡,,綠色的面部配飾。,綠框作業眼鏡
142,銅框作業眼鏡,,銅色的面部配飾。,銅框作業眼鏡
143,紫框作業眼鏡,,紫色的面部配飾。,紫框作業眼鏡
144,棕框作業眼鏡,,棕色的面部配飾。,棕框作業眼鏡
145,黃銅護目鏡,,基礎色的面部配飾。,黃銅護目鏡
146,銀框黃銅護目鏡,,銀色的面部配飾。,銀框黃銅護目鏡
147,金框黃銅護目鏡,,金色的面部配飾。,金框黃銅護目鏡
148,黑框黃銅護目鏡,,黑色的面部配飾。,黑框黃銅護目鏡
149,白框黃銅護目鏡,,白色的面部配飾。,白框黃銅護目鏡
150,灰框黃銅護目鏡,,灰色的面部配飾。,灰框黃銅護目鏡
151,紅框黃銅護目鏡,,紅色的面部配飾。,紅框黃銅護目鏡
152,藍框黃銅護目鏡,,藍色的面部配飾。,藍框黃銅護目鏡
153,綠框黃銅護目鏡,,綠色的面部配飾。,綠框黃銅護目鏡
154,銅框黃銅護目鏡,,銅色的面部配飾。,銅框黃銅護目鏡
155,紫框黃銅護目鏡,,紫色的面部配飾。,紫框黃銅護目鏡
156,棕框黃銅護目鏡,,棕色的面部配飾。,棕框黃銅護目鏡
157,下框眼鏡,,基礎色的面部配飾。,下框眼鏡
158,銀框下框眼鏡,,銀色的面部配飾。,銀框下框眼鏡
159,金框下框眼鏡,,金色的面部配飾。,金框下框眼鏡
160,黑框下框眼鏡,,黑色的面部配飾。,黑框下框眼鏡
161,白框下框眼鏡,,白色的面部配飾。,白框下框眼鏡
162,灰框下框眼鏡,,灰色的面部配飾。,灰框下框眼鏡
163,紅框下框眼鏡,,紅色的面部配飾。,紅框下框眼鏡
164,藍框下框眼鏡,,藍色的面部配飾。,藍框下框眼鏡
165,綠框下框眼鏡,,綠色的面部配飾。,綠框下框眼鏡
166,銅框下框眼鏡,,銅色的面部配飾。,銅框下框眼鏡
167,紫框下框眼鏡,,紫色的面部配飾。,紫框下框眼鏡
168,棕框下框眼鏡,,棕色的面部配飾。,棕框下框眼鏡
169,橢圓讀書眼鏡,,基礎色的面部配飾。,橢圓讀書眼鏡
170,銀框橢圓讀書眼鏡,,銀色的面部配飾。,銀框橢圓讀書眼鏡
171,金框橢圓讀書眼鏡,,金色的面部配飾。,金框橢圓讀書眼鏡
172,黑框橢圓讀書眼鏡,,黑色的面部配飾。,黑框橢圓讀書眼鏡
173,白框橢圓讀書眼鏡,,白色的面部配飾。,白框橢圓讀書眼鏡
174,灰框橢圓讀書眼鏡,,灰色的面部配飾。,灰框橢圓讀書眼鏡
175,紅框橢圓讀書眼鏡,,紅色的面部配飾。,紅框橢圓讀書眼鏡
176,藍框橢圓讀書眼鏡,,藍色的面部配飾。,藍框橢圓讀書眼鏡
177,綠框橢圓讀書眼鏡,,綠色的面部配飾。,綠框橢圓讀書眼鏡
178,銅框橢圓讀書眼鏡,,銅色的面部配飾。,銅框橢圓讀書眼鏡
179,紫框橢圓讀書眼鏡,,紫色的面部配飾。,紫框橢圓讀書眼鏡
180,棕框橢圓讀書眼鏡,,棕色的面部配飾。,棕框橢圓讀書眼鏡
181,典雅無框眼鏡,,基礎色的面部配飾。,典雅無框眼鏡
182,銀框典雅無框眼鏡,,銀色的面部配飾。,銀框典雅無框眼鏡
183,金框典雅無框眼鏡,,金色的面部配飾。,金框典雅無框眼鏡
184,黑框典雅無框眼鏡,,黑色的面部配飾。,黑框典雅無框眼鏡
185,白框典雅無框眼鏡,,白色的面部配飾。,白框典雅無框眼鏡
186,灰框典雅無框眼鏡,,灰色的面部配飾。,灰框典雅無框眼鏡
187,紅框典雅無框眼鏡,,紅色的面部配飾。,紅框典雅無框眼鏡
188,藍框典雅無框眼鏡,,藍色的面部配飾。,藍框典雅無框眼鏡
189,綠框典雅無框眼鏡,,綠色的面部配飾。,綠框典雅無框眼鏡
190,銅框典雅無框眼鏡,,銅色的面部配飾。,銅框典雅無框眼鏡
191,紫框典雅無框眼鏡,,紫色的面部配飾。,紫框典雅無框眼鏡
192,棕框典雅無框眼鏡,,棕色的面部配飾。,棕框典雅無框眼鏡
193,貓眼眼鏡,,基礎色的面部配飾。,貓眼眼鏡
194,銀框貓眼眼鏡,,銀色的面部配飾。,銀框貓眼眼鏡
195,金框貓眼眼鏡,,金色的面部配飾。,金框貓眼眼鏡
196,黑框貓眼眼鏡,,黑色的面部配飾。,黑框貓眼眼鏡
197,白框貓眼眼鏡,,白色的面部配飾。,白框貓眼眼鏡
198,灰框貓眼眼鏡,,灰色的面部配飾。,灰框貓眼眼鏡
199,紅框貓眼眼鏡,,紅色的面部配飾。,紅框貓眼眼鏡
200,藍框貓眼眼鏡,,藍色的面部配飾。,藍框貓眼眼鏡
201,綠框貓眼眼鏡,,綠色的面部配飾。,綠框貓眼眼鏡
202,銅框貓眼眼鏡,,銅色的面部配飾。,銅框貓眼眼鏡
203,紫框貓眼眼鏡,,紫色的面部配飾。,紫框貓眼眼鏡
204,棕框貓眼眼鏡,,棕色的面部配飾。,棕框貓眼眼鏡
205,窄框眼鏡,,基礎色的面部配飾。,窄框眼鏡
206,銀框窄框眼鏡,,銀色的面部配飾。,銀框窄框眼鏡
207,金框窄框眼鏡,,金色的面部配飾。,金框窄框眼鏡
208,黑框窄框眼鏡,,黑色的面部配飾。,黑框窄框眼鏡
209,白框窄框眼鏡,,白色的面部配飾。,白框窄框眼鏡
210,灰框窄框眼鏡,,灰色的面部配飾。,灰框窄框眼鏡
211,紅框窄框眼鏡,,紅色的面部配飾。,紅框窄框眼鏡
212,藍框窄框眼鏡,,藍色的面部配飾。,藍框窄框眼鏡
213,綠框窄框眼鏡,,綠色的面部配飾。,綠框窄框眼鏡
214,銅框窄框眼鏡,,銅色的面部配飾。,銅框窄框眼鏡
215,紫框窄框眼鏡,,紫色的面部配飾。,紫框窄框眼鏡
216,棕框窄框眼鏡,,棕色的面部配飾。,棕框窄框眼鏡
217,彩色護目鏡,,基礎色的面部配飾。,彩色護目鏡
218,銀框彩色護目鏡,,銀色的面部配飾。,銀框彩色護目鏡
219,金框彩色護目鏡,,金色的面部配飾。,金框彩色護目鏡
220,黑框彩色護目鏡,,黑色的面部配飾。,黑框彩色護目鏡
221,白框彩色護目鏡,,白色的面部配飾。,白框彩色護目鏡
222,灰框彩色護目鏡,,灰色的面部配飾。,灰框彩色護目鏡
223,紅框彩色護目鏡,,紅色的面部配飾。,紅框彩色護目鏡
224,藍框彩色護目鏡,,藍色的面部配飾。,藍框彩色護目鏡
225,綠框彩色護目鏡,,綠色的面部配飾。,綠框彩色護目鏡
226,銅框彩色護目鏡,,銅色的面部配飾。,銅框彩色護目鏡
227,紫框彩色護目鏡,,紫色的面部配飾。,紫框彩色護目鏡
228,棕框彩色護目鏡,,棕色的面部配飾。,棕框彩色護目鏡
229,左側眼罩,,基礎色的面部配飾。,左側眼罩
230,銀色左側眼罩,,銀色的面部配飾。,銀色左側眼罩
231,金色左側眼罩,,金色的面部配飾。,金色左側眼罩
232,黑色左側眼罩,,黑色的面部配飾。,黑色左側眼罩
233,白色左側眼罩,,白色的面部配飾。,白色左側眼罩
234,灰色左側眼罩,,灰色的面部配飾。,灰色左側眼罩
235,紅色左側眼罩,,紅色的面部配飾。,紅色左側眼罩
236,藍色左側眼罩,,藍色的面部配飾。,藍色左側眼罩
237,綠色左側眼罩,,綠色的面部配飾。,綠色左側眼罩
238,銅色左側眼罩,,銅色的面部配飾。,銅色左側眼罩
239,紫色左側眼罩,,紫色的面部配飾。,紫色左側眼罩
240,棕色左側眼罩,,棕色的面部配飾。,棕色左側眼罩
241,右側眼罩,,基礎色的面部配飾。,右側眼罩
242,銀色右側眼罩,,銀色的面部配飾。,銀色右側眼罩
243,金色右側眼罩,,金色的面部配飾。,金色右側眼罩
244,黑色右側眼罩,,黑色的面部配飾。,黑色右側眼罩
245,白色右側眼罩,,白色的面部配飾。,白色右側眼罩
246,灰色右側眼罩,,灰色的面部配飾。,灰色右側眼罩
247,紅色右側眼罩,,紅色的面部配飾。,紅色右側眼罩
248,藍色右側眼罩,,藍色的面部配飾。,藍色右側眼罩
249,綠色右側眼罩,,綠色的面部配飾。,綠色右側眼罩
250,銅色右側眼罩,,銅色的面部配飾。,銅色右側眼罩
251,紫色右側眼罩,,紫色的面部配飾。,紫色右側眼罩
252,棕色右側眼罩,,棕色的面部配飾。,棕色右側眼罩
253,左側金屬眼罩,,基礎色的面部配飾。,左側金屬眼罩
254,銀色左側金屬眼罩,,銀色的面部配飾。,銀色左側金屬眼罩
255,金色左側金屬眼罩,,金色的面部配飾。,金色左側金屬眼罩
256,黑色左側金屬眼罩,,黑色的面部配飾。,黑色左側金屬眼罩
257,白色左側金屬眼罩,,白色的面部配飾。,白色左側金屬眼罩
258,灰色左側金屬眼罩,,灰色的面部配飾。,灰色左側金屬眼罩
259,紅色左側金屬眼罩,,紅色的面部配飾。,紅色左側金屬眼罩
260,藍色左側金屬眼罩,,藍色的面部配飾。,藍色左側金屬眼罩
261,綠色左側金屬眼罩,,綠色的面部配飾。,綠色左側金屬眼罩
262,銅色左側金屬眼罩,,銅色的面部配飾。,銅色左側金屬眼罩
263,紫色左側金屬眼罩,,紫色的面部配飾。,紫色左側金屬眼罩
264,棕色左側金屬眼罩,,棕色的面部配飾。,棕色左側金屬眼罩
265,右側金屬眼罩,,基礎色的面部配飾。,右側金屬眼罩
266,銀色右側金屬眼罩,,銀色的面部配飾。,銀色右側金屬眼罩
267,金色右側金屬眼罩,,金色的面部配飾。,金色右側金屬眼罩
268,黑色右側金屬眼罩,,黑色的面部配飾。,黑色右側金屬眼罩
269,白色右側金屬眼罩,,白色的面部配飾。,白色右側金屬眼罩
270,灰色右側金屬眼罩,,灰色的面部配飾。,灰色右側金屬眼罩
271,紅色右側金屬眼罩,,紅色的面部配飾。,紅色右側金屬眼罩
272,藍色右側金屬眼罩,,藍色的面部配飾。,藍色右側金屬眼罩
273,綠色右側金屬眼罩,,綠色的面部配飾。,綠色右側金屬眼罩
274,銅色右側金屬眼罩,,銅色的面部配飾。,銅色右側金屬眼罩
275,紫色右側金屬眼罩,,紫色的面部配飾。,紫色右側金屬眼罩
276,棕色右側金屬眼罩,,棕色的面部配飾。,棕色右側金屬眼罩
277,豹目眼鏡,,基礎色的面部配飾。,豹目眼鏡
278,銀框豹目眼鏡,,銀色的面部配飾。,銀框豹目眼鏡
279,金框豹目眼鏡,,金色的面部配飾。,金框豹目眼鏡
280,黑框豹目眼鏡,,黑色的面部配飾。,黑框豹目眼鏡
281,白框豹目眼鏡,,白色的面部配飾。,白框豹目眼鏡
282,灰框豹目眼鏡,,灰色的面部配飾。,灰框豹目眼鏡
283,紅框豹目眼鏡,,紅色的面部配飾。,紅框豹目眼鏡
284,藍框豹目眼鏡,,藍色的面部配飾。,藍框豹目眼鏡
285,綠框豹目眼鏡,,綠色的面部配飾。,綠框豹目眼鏡
286,銅框豹目眼鏡,,銅色的面部配飾。,銅框豹目眼鏡
287,紫框豹目眼鏡,,紫色的面部配飾。,紫框豹目眼鏡
288,棕框豹目眼鏡,,棕色的面部配飾。,棕框豹目眼鏡
289,閱讀眼鏡,,基礎色的面部配飾。,閱讀眼鏡
290,銀框閱讀眼鏡,,銀色的面部配飾。,銀框閱讀眼鏡
291,金框閱讀眼鏡,,金色的面部配飾。,金框閱讀眼鏡
292,黑框閱讀眼鏡,,黑色的面部配飾。,黑框閱讀眼鏡
293,白框閱讀眼鏡,,白色的面部配飾。,白框閱讀眼鏡
294,灰框閱讀眼鏡,,灰色的面部配飾。,灰框閱讀眼鏡
295,紅框閱讀眼鏡,,紅色的面部配飾。,紅框閱讀眼鏡
296,藍框閱讀眼鏡,,藍色的面部配飾。,藍框閱讀眼鏡
297,綠框閱讀眼鏡,,綠色的面部配飾。,綠框閱讀眼鏡
298,銅框閱讀眼鏡,,銅色的面部配飾。,銅框閱讀眼鏡
299,紫框閱讀眼鏡,,紫色的面部配飾。,紫框閱讀眼鏡
300,棕框閱讀眼鏡,,棕色的面部配飾。,棕框閱讀眼鏡
301,淡色眼鏡,,基礎色的面部配飾。,淡色眼鏡
302,銀框淡色眼鏡,,銀色的面部配飾。,銀框淡色眼鏡
303,金框淡色眼鏡,,金色的面部配飾。,金框淡色眼鏡
304,黑框淡色眼鏡,,黑色的面部配飾。,黑框淡色眼鏡
305,白框淡色眼鏡,,白色的面部配飾。,白框淡色眼鏡
306,灰框淡色眼鏡,,灰色的面部配飾。,灰框淡色眼鏡
307,紅框淡色眼鏡,,紅色的面部配飾。,紅框淡色眼鏡
308,藍框淡色眼鏡,,藍色的面部配飾。,藍框淡色眼鏡
309,綠框淡色眼鏡,,綠色的面部配飾。,綠框淡色眼鏡
310,銅框淡色眼鏡,,銅色的面部配飾。,銅框淡色眼鏡
311,紫框淡色眼鏡,,紫色的面部配飾。,紫框淡色眼鏡
312,棕框淡色眼鏡,,棕色的面部配飾。,棕框淡色眼鏡
313,時髦眼鏡,,基礎色的面部配飾。,時髦眼鏡
314,銀框時髦眼鏡,,銀色的面部配飾。,銀框時髦眼鏡
315,金框時髦眼鏡,,金色的面部配飾。,金框時髦眼鏡
316,黑框時髦眼鏡,,黑色的面部配飾。,黑框時髦眼鏡
317,白框時髦眼鏡,,白色的面部配飾。,白框時髦眼鏡
318,灰框時髦眼鏡,,灰色的面部配飾。,灰框時髦眼鏡
319,紅框時髦眼鏡,,紅色的面部配飾。,紅框時髦眼鏡
320,藍框時髦眼鏡,,藍色的面部配飾。,藍框時髦眼鏡
321,綠框時髦眼鏡,,綠色的面部配飾。,綠框時髦眼鏡
322,銅框時髦眼鏡,,銅色的面部配飾。,銅框時髦眼鏡
323,紫框時髦眼鏡,,紫色的面部配飾。,紫框時髦眼鏡
324,棕框時髦眼鏡,,棕色的面部配飾。,棕框時髦眼鏡
325,漸變色鏡框眼鏡,,基礎色的面部配飾。,漸變色鏡框眼鏡
326,銀色漸變色鏡框眼鏡,,銀色的面部配飾。,銀色漸變色鏡框眼鏡
327,金色漸變色鏡框眼鏡,,金色的面部配飾。,金色漸變色鏡框眼鏡
328,黑色漸變色鏡框眼鏡,,黑色的面部配飾。,黑色漸變色鏡框眼鏡
329,白色漸變色鏡框眼鏡,,白色的面部配飾。,白色漸變色鏡框眼鏡
330,灰色漸變色鏡框眼鏡,,灰色的面部配飾。,灰色漸變色鏡框眼鏡
331,紅色漸變色鏡框眼鏡,,紅色的面部配飾。,紅色漸變色鏡框眼鏡
332,藍色漸變色鏡框眼鏡,,藍色的面部配飾。,藍色漸變色鏡框眼鏡
333,綠色漸變色鏡框眼鏡,,綠色的面部配飾。,綠色漸變色鏡框眼鏡
334,銅色漸變色鏡框眼鏡,,銅色的面部配飾。,銅色漸變色鏡框眼鏡
335,紫色漸變色鏡框眼鏡,,紫色的面部配飾。,紫色漸變色鏡框眼鏡
336,棕色漸變色鏡框眼鏡,,棕色的面部配飾。,棕色漸變色鏡框眼鏡
337,厚框眼鏡,,基礎色的面部配飾。,厚框眼鏡
338,銀框厚框眼鏡,,銀色的面部配飾。,銀框厚框眼鏡
339,金框厚框眼鏡,,金色的面部配飾。,金框厚框眼鏡
340,黑框厚框眼鏡,,黑色的面部配飾。,黑框厚框眼鏡
341,白框厚框眼鏡,,白色的面部配飾。,白框厚框眼鏡
342,灰框厚框眼鏡,,灰色的面部配飾。,灰框厚框眼鏡
343,紅框厚框眼鏡,,紅色的面部配飾。,紅框厚框眼鏡
344,藍框厚框眼鏡,,藍色的面部配飾。,藍框厚框眼鏡
345,綠框厚框眼鏡,,綠色的面部配飾。,綠框厚框眼鏡
346,銅框厚框眼鏡,,銅色的面部配飾。,銅框厚框眼鏡
347,紫框厚框眼鏡,,紫色的面部配飾。,紫框厚框眼鏡
348,棕框厚框眼鏡,,棕色的面部配飾。,棕框厚框眼鏡
349,左側秘銀鑲邊眼罩,,基礎色的面部配飾。,左側秘銀鑲邊眼罩
350,銀色左側秘銀鑲邊眼罩,,銀色的面部配飾。,銀色左側秘銀鑲邊眼罩
351,金色左側秘銀鑲邊眼罩,,金色的面部配飾。,金色左側秘銀鑲邊眼罩
352,黑色左側秘銀鑲邊眼罩,,黑色的面部配飾。,黑色左側秘銀鑲邊眼罩
353,白色左側秘銀鑲邊眼罩,,白色的面部配飾。,白色左側秘銀鑲邊眼罩
354,灰色左側秘銀鑲邊眼罩,,灰色的面部配飾。,灰色左側秘銀鑲邊眼罩
355,紅色左側秘銀鑲邊眼罩,,紅色的面部配飾。,紅色左側秘銀鑲邊眼罩
356,藍色左側秘銀鑲邊眼罩,,藍色的面部配飾。,藍色左側秘銀鑲邊眼罩
357,綠色左側秘銀鑲邊眼罩,,綠色的面部配飾。,綠色左側秘銀鑲邊眼罩
358,銅色左側秘銀鑲邊眼罩,,銅色的面部配飾。,銅色左側秘銀鑲邊眼罩
359,紫色左側秘銀鑲邊眼罩,,紫色的面部配飾。,紫色左側秘銀鑲邊眼罩
360,棕色左側秘銀鑲邊眼罩,,棕色的面部配飾。,棕色左側秘銀鑲邊眼罩
361,右側秘銀鑲邊眼罩,,基礎色的面部配飾。,右側秘銀鑲邊眼罩
362,銀色右側秘銀鑲邊眼罩,,銀色的面部配飾。,銀色右側秘銀鑲邊眼罩
363,金色右側秘銀鑲邊眼罩,,金色的面部配飾。,金色右側秘銀鑲邊眼罩
364,黑色右側秘銀鑲邊眼罩,,黑色的面部配飾。,黑色右側秘銀鑲邊眼罩
365,白色右側秘銀鑲邊眼罩,,白色的面部配飾。,白色右側秘銀鑲邊眼罩
366,灰色右側秘銀鑲邊眼罩,,灰色的面部配飾。,灰色右側秘銀鑲邊眼罩
367,紅色右側秘銀鑲邊眼罩,,紅色的面部配飾。,紅色右側秘銀鑲邊眼罩
368,藍色右側秘銀鑲邊眼罩,,藍色的面部配飾。,藍色右側秘銀鑲邊眼罩
369,綠色右側秘銀鑲邊眼罩,,綠色的面部配飾。,綠色右側秘銀鑲邊眼罩
370,銅色右側秘銀鑲邊眼罩,,銅色的面部配飾。,銅色右側秘銀鑲邊眼罩
371,紫色右側秘銀鑲邊眼罩,,紫色的面部配飾。,紫色右側秘銀鑲邊眼罩
372,棕色右側秘銀鑲邊眼罩,,棕色的面部配飾。,棕色右側秘銀鑲邊眼罩
373,左側皮飾眼罩,,基礎色的面部配飾。,左側皮飾眼罩
374,銀色左側皮飾眼罩,,銀色的面部配飾。,銀色左側皮飾眼罩
375,金色左側皮飾眼罩,,金色的面部配飾。,金色左側皮飾眼罩
376,黑色左側皮飾眼罩,,黑色的面部配飾。,黑色左側皮飾眼罩
377,白色左側皮飾眼罩,,白色的面部配飾。,白色左側皮飾眼罩
378,灰色左側皮飾眼罩,,灰色的面部配飾。,灰色左側皮飾眼罩
379,紅色左側皮飾眼罩,,紅色的面部配飾。,紅色左側皮飾眼罩
380,藍色左側皮飾眼罩,,藍色的面部配飾。,藍色左側皮飾眼罩
381,綠色左側皮飾眼罩,,綠色的面部配飾。,綠色左側皮飾眼罩
382,銅色左側皮飾眼罩,,銅色的面部配飾。,銅色左側皮飾眼罩
383,紫色左側皮飾眼罩,,紫色的面部配飾。,紫色左側皮飾眼罩
384,棕色左側皮飾眼罩,,棕色的面部配飾。,棕色左側皮飾眼罩
385,右側皮飾眼罩,,基礎色的面部配飾。,右側皮飾眼罩
386,銀色右側皮飾眼罩,,銀色的面部配飾。,銀色右側皮飾眼罩
387,金色右側皮飾眼罩,,金色的面部配飾。,金色右側皮飾眼罩
388,黑色右側皮飾眼罩,,黑色的面部配飾。,黑色右側皮飾眼罩
389,白色右側皮飾眼罩,,白色的面部配飾。,白色右側皮飾眼罩
390,灰色右側皮飾眼罩,,灰色的面部配飾。,灰色右側皮飾眼罩
391,紅色右側皮飾眼罩,,紅色的面部配飾。,紅色右側皮飾眼罩
392,藍色右側皮飾眼罩,,藍色的面部配飾。,藍色右側皮飾眼罩
393,綠色右側皮飾眼罩,,綠色的面部配飾。,綠色右側皮飾眼罩
394,銅色右側皮飾眼罩,,銅色的面部配飾。,銅色右側皮飾眼罩
395,紫色右側皮飾眼罩,,紫色的面部配飾。,紫色右側皮飾眼罩
396,棕色右側皮飾眼罩,,棕色的面部配飾。,棕色右側皮飾眼罩
397,斯卡艾瓦頭甲,,基礎色的面部配飾。,斯卡艾瓦頭甲
398,銀色斯卡艾瓦頭甲,,銀色的面部配飾。,銀色斯卡艾瓦頭甲
399,金色斯卡艾瓦頭甲,,金色的面部配飾。,金色斯卡艾瓦頭甲
400,黑色斯卡艾瓦頭甲,,黑色的面部配飾。,黑色斯卡艾瓦頭甲
401,白色斯卡艾瓦頭甲,,白色的面部配飾。,白色斯卡艾瓦頭甲
402,灰色斯卡艾瓦頭甲,,灰色的面部配飾。,灰色斯卡艾瓦頭甲
403,紅色斯卡艾瓦頭甲,,紅色的面部配飾。,紅色斯卡艾瓦頭甲
404,藍色斯卡艾瓦頭甲,,藍色的面部配飾。,藍色斯卡艾瓦頭甲
405,綠色斯卡艾瓦頭甲,,綠色的面部配飾。,綠色斯卡艾瓦頭甲
406,銅色斯卡艾瓦頭甲,,銅色的面部配飾。,銅色斯卡艾瓦頭甲
407,紫色斯卡艾瓦頭甲,,紫色的面部配飾。,紫色斯卡艾瓦頭甲
408,棕色斯卡艾瓦頭甲,,棕色的面部配飾。,棕色斯卡艾瓦頭甲
409,,,,
410,,,,
411,,,,
412,,,,
413,,,,
414,,,,
415,,,,
416,,,,
417,,,,
418,,,,
419,,,,
420,,,,
421,戰術護目鏡,,基礎色的面部配飾。,戰術護目鏡
422,銀色戰術護目鏡,,銀色的面部配飾。,銀色戰術護目鏡
423,金色戰術護目鏡,,金色的面部配飾。,金色戰術護目鏡
424,黑色戰術護目鏡,,黑色的面部配飾。,黑色戰術護目鏡
425,白色戰術護目鏡,,白色的面部配飾。,白色戰術護目鏡
426,灰色戰術護目鏡,,灰色的面部配飾。,灰色戰術護目鏡
427,紅色戰術護目鏡,,紅色的面部配飾。,紅色戰術護目鏡
428,藍色戰術護目鏡,,藍色的面部配飾。,藍色戰術護目鏡
429,綠色戰術護目鏡,,綠色的面部配飾。,綠色戰術護目鏡
430,銅色戰術護目鏡,,銅色的面部配飾。,銅色戰術護目鏡
431,紫色戰術護目鏡,,紫色的面部配飾。,紫色戰術護目鏡
432,棕色戰術護目鏡,,棕色的面部配飾。,棕色戰術護目鏡
433,遮光面罩,,基礎色的面部配飾。,遮光面罩
434,銀色遮光面罩,,銀色的面部配飾。,銀色遮光面罩
435,金色遮光面罩,,金色的面部配飾。,金色遮光面罩
436,黑色遮光面罩,,黑色的面部配飾。,黑色遮光面罩
437,白色遮光面罩,,白色的面部配飾。,白色遮光面罩
438,灰色遮光面罩,,灰色的面部配飾。,灰色遮光面罩
439,紅色遮光面罩,,紅色的面部配飾。,紅色遮光面罩
440,藍色遮光面罩,,藍色的面部配飾。,藍色遮光面罩
441,綠色遮光面罩,,綠色的面部配飾。,綠色遮光面罩
442,銅色遮光面罩,,銅色的面部配飾。,銅色遮光面罩
443,紫色遮光面罩,,紫色的面部配飾。,紫色遮光面罩
444,棕色遮光面罩,,棕色的面部配飾。,棕色遮光面罩
445,貓眼讀書眼鏡,,基礎色的面部配飾。,貓眼讀書眼鏡
446,銀色貓眼讀書眼鏡,,銀色的面部配飾。,銀色貓眼讀書眼鏡
447,金色貓眼讀書眼鏡,,金色的面部配飾。,金色貓眼讀書眼鏡
448,黑色貓眼讀書眼鏡,,黑色的面部配飾。,黑色貓眼讀書眼鏡
449,白色貓眼讀書眼鏡,,白色的面部配飾。,白色貓眼讀書眼鏡
450,灰色貓眼讀書眼鏡,,灰色的面部配飾。,灰色貓眼讀書眼鏡
451,紅色貓眼讀書眼鏡,,紅色的面部配飾。,紅色貓眼讀書眼鏡
452,藍色貓眼讀書眼鏡,,藍色的面部配飾。,藍色貓眼讀書眼鏡
453,綠色貓眼讀書眼鏡,,綠色的面部配飾。,綠色貓眼讀書眼鏡
454,銅色貓眼讀書眼鏡,,銅色的面部配飾。,銅色貓眼讀書眼鏡
455,紫色貓眼讀書眼鏡,,紫色的面部配飾。,紫色貓眼讀書眼鏡
456,棕色貓眼讀書眼鏡,,棕色的面部配飾。,棕色貓眼讀書眼鏡
457,教授眼鏡,,基礎色的面部配飾。,教授眼鏡
458,銀框教授眼鏡,,銀色的面部配飾。,銀框教授眼鏡
459,金框教授眼鏡,,金色的面部配飾。,金框教授眼鏡
460,黑框教授眼鏡,,黑色的面部配飾。,黑框教授眼鏡
461,白框教授眼鏡,,白色的面部配飾。,白框教授眼鏡
462,灰框教授眼鏡,,灰色的面部配飾。,灰框教授眼鏡
463,紅框教授眼鏡,,紅色的面部配飾。,紅框教授眼鏡
464,藍框教授眼鏡,,藍色的面部配飾。,藍框教授眼鏡
465,綠框教授眼鏡,,綠色的面部配飾。,綠框教授眼鏡
466,銅框教授眼鏡,,銅色的面部配飾。,銅框教授眼鏡
467,紫框教授眼鏡,,紫色的面部配飾。,紫框教授眼鏡
468,棕框教授眼鏡,,棕色的面部配飾。,棕框教授眼鏡
469,小夾鼻眼鏡,,基礎色的面部配飾。,小夾鼻眼鏡
470,銀框小夾鼻眼鏡,,銀色的面部配飾。,銀框小夾鼻眼鏡
471,金框小夾鼻眼鏡,,金色的面部配飾。,金框小夾鼻眼鏡
472,黑框小夾鼻眼鏡,,黑色的面部配飾。,黑框小夾鼻眼鏡
473,白框小夾鼻眼鏡,,白色的面部配飾。,白框小夾鼻眼鏡
474,灰框小夾鼻眼鏡,,灰色的面部配飾。,灰框小夾鼻眼鏡
475,紅框小夾鼻眼鏡,,紅色的面部配飾。,紅框小夾鼻眼鏡
476,藍框小夾鼻眼鏡,,藍色的面部配飾。,藍框小夾鼻眼鏡
477,綠框小夾鼻眼鏡,,綠色的面部配飾。,綠框小夾鼻眼鏡
478,銅框小夾鼻眼鏡,,銅色的面部配飾。,銅框小夾鼻眼鏡
479,紫框小夾鼻眼鏡,,紫色的面部配飾。,紫框小夾鼻眼鏡
480,棕框小夾鼻眼鏡,,棕色的面部配飾。,棕框小夾鼻眼鏡
481,裝飾彩蛋眼鏡,,基礎色的面部配飾。,裝飾彩蛋眼鏡
482,銀框裝飾彩蛋眼鏡,,銀色的面部配飾。,銀框裝飾彩蛋眼鏡
483,金框裝飾彩蛋眼鏡,,金色的面部配飾。,金框裝飾彩蛋眼鏡
484,黑框裝飾彩蛋眼鏡,,黑色的面部配飾。,黑框裝飾彩蛋眼鏡
485,白框裝飾彩蛋眼鏡,,白色的面部配飾。,白框裝飾彩蛋眼鏡
486,灰框裝飾彩蛋眼鏡,,灰色的面部配飾。,灰框裝飾彩蛋眼鏡
487,紅框裝飾彩蛋眼鏡,,紅色的面部配飾。,紅框裝飾彩蛋眼鏡
488,藍框裝飾彩蛋眼鏡,,藍色的面部配飾。,藍框裝飾彩蛋眼鏡
489,綠框裝飾彩蛋眼鏡,,綠色的面部配飾。,綠框裝飾彩蛋眼鏡
490,銅框裝飾彩蛋眼鏡,,銅色的面部配飾。,銅框裝飾彩蛋眼鏡
491,紫框裝飾彩蛋眼鏡,,紫色的面部配飾。,紫框裝飾彩蛋眼鏡
492,棕框裝飾彩蛋眼鏡,,棕色的面部配飾。,棕框裝飾彩蛋眼鏡
493,四顆彩蛋眼鏡,,基礎色的面部配飾。,四顆彩蛋眼鏡
494,銀框四顆彩蛋眼鏡,,銀色的面部配飾。,銀框四顆彩蛋眼鏡
495,金框四顆彩蛋眼鏡,,金色的面部配飾。,金框四顆彩蛋眼鏡
496,黑框四顆彩蛋眼鏡,,黑色的面部配飾。,黑框四顆彩蛋眼鏡
497,白框四顆彩蛋眼鏡,,白色的面部配飾。,白框四顆彩蛋眼鏡
498,灰框四顆彩蛋眼鏡,,灰色的面部配飾。,灰框四顆彩蛋眼鏡
499,紅框四顆彩蛋眼鏡,,紅色的面部配飾。,紅框四顆彩蛋眼鏡
500,藍框四顆彩蛋眼鏡,,藍色的面部配飾。,藍框四顆彩蛋眼鏡
501,綠框四顆彩蛋眼鏡,,綠色的面部配飾。,綠框四顆彩蛋眼鏡
502,銅框四顆彩蛋眼鏡,,銅色的面部配飾。,銅框四顆彩蛋眼鏡
503,紫框四顆彩蛋眼鏡,,紫色的面部配飾。,紫框四顆彩蛋眼鏡
504,棕框四顆彩蛋眼鏡,,棕色的面部配飾。,棕框四顆彩蛋眼鏡
505,窄框彩蛋眼鏡,,基礎色的面部配飾。,窄框彩蛋眼鏡
506,銀框窄框彩蛋眼鏡,,銀色的面部配飾。,銀框窄框彩蛋眼鏡
507,金框窄框彩蛋眼鏡,,金色的面部配飾。,金框窄框彩蛋眼鏡
508,黑框窄框彩蛋眼鏡,,黑色的面部配飾。,黑框窄框彩蛋眼鏡
509,白框窄框彩蛋眼鏡,,白色的面部配飾。,白框窄框彩蛋眼鏡
510,灰框窄框彩蛋眼鏡,,灰色的面部配飾。,灰框窄框彩蛋眼鏡
511,紅框窄框彩蛋眼鏡,,紅色的面部配飾。,紅框窄框彩蛋眼鏡
512,藍框窄框彩蛋眼鏡,,藍色的面部配飾。,藍框窄框彩蛋眼鏡
513,綠框窄框彩蛋眼鏡,,綠色的面部配飾。,綠框窄框彩蛋眼鏡
514,銅框窄框彩蛋眼鏡,,銅色的面部配飾。,銅框窄框彩蛋眼鏡
515,紫框窄框彩蛋眼鏡,,紫色的面部配飾。,紫框窄框彩蛋眼鏡
516,棕框窄框彩蛋眼鏡,,棕色的面部配飾。,棕框窄框彩蛋眼鏡
517,魔石精眼鏡,,基礎色的面部配飾。,魔石精眼鏡
518,銀框魔石精眼鏡,,銀色的面部配飾。,銀框魔石精眼鏡
519,金框魔石精眼鏡,,金色的面部配飾。,金框魔石精眼鏡
520,黑框魔石精眼鏡,,黑色的面部配飾。,黑框魔石精眼鏡
521,白框魔石精眼鏡,,白色的面部配飾。,白框魔石精眼鏡
522,灰框魔石精眼鏡,,灰色的面部配飾。,灰框魔石精眼鏡
523,紅框魔石精眼鏡,,紅色的面部配飾。,紅框魔石精眼鏡
524,藍框魔石精眼鏡,,藍色的面部配飾。,藍框魔石精眼鏡
525,綠框魔石精眼鏡,,綠色的面部配飾。,綠框魔石精眼鏡
526,銅框魔石精眼鏡,,銅色的面部配飾。,銅框魔石精眼鏡
527,紫框魔石精眼鏡,,紫色的面部配飾。,紫框魔石精眼鏡
528,棕框魔石精眼鏡,,棕色的面部配飾。,棕框魔石精眼鏡
529,彩蛋小雞眼鏡,,基礎色的面部配飾。,彩蛋小雞眼鏡
530,銀框彩蛋小雞眼鏡,,銀色的面部配飾。,銀框彩蛋小雞眼鏡
531,金框彩蛋小雞眼鏡,,金色的面部配飾。,金框彩蛋小雞眼鏡
532,黑框彩蛋小雞眼鏡,,黑色的面部配飾。,黑框彩蛋小雞眼鏡
533,白框彩蛋小雞眼鏡,,白色的面部配飾。,白框彩蛋小雞眼鏡
534,灰框彩蛋小雞眼鏡,,灰色的面部配飾。,灰框彩蛋小雞眼鏡
535,紅框彩蛋小雞眼鏡,,紅色的面部配飾。,紅框彩蛋小雞眼鏡
536,藍框彩蛋小雞眼鏡,,藍色的面部配飾。,藍框彩蛋小雞眼鏡
537,綠框彩蛋小雞眼鏡,,綠色的面部配飾。,綠框彩蛋小雞眼鏡
538,銅框彩蛋小雞眼鏡,,銅色的面部配飾。,銅框彩蛋小雞眼鏡
539,紫框彩蛋小雞眼鏡,,紫色的面部配飾。,紫框彩蛋小雞眼鏡
540,棕框彩蛋小雞眼鏡,,棕色的面部配飾。,棕框彩蛋小雞眼鏡
541,彩花裝飾眼鏡,,基礎色的面部配飾。,彩花裝飾眼鏡
542,銀框彩花裝飾眼鏡,,銀色的面部配飾。,銀框彩花裝飾眼鏡
543,金框彩花裝飾眼鏡,,金色的面部配飾。,金框彩花裝飾眼鏡
544,黑框彩花裝飾眼鏡,,黑色的面部配飾。,黑框彩花裝飾眼鏡
545,白框彩花裝飾眼鏡,,白色的面部配飾。,白框彩花裝飾眼鏡
546,灰框彩花裝飾眼鏡,,灰色的面部配飾。,灰框彩花裝飾眼鏡
547,紅框彩花裝飾眼鏡,,紅色的面部配飾。,紅框彩花裝飾眼鏡
548,藍框彩花裝飾眼鏡,,藍色的面部配飾。,藍框彩花裝飾眼鏡
549,綠框彩花裝飾眼鏡,,綠色的面部配飾。,綠框彩花裝飾眼鏡
550,銅框彩花裝飾眼鏡,,銅色的面部配飾。,銅框彩花裝飾眼鏡
551,紫框彩花裝飾眼鏡,,紫色的面部配飾。,紫框彩花裝飾眼鏡
552,棕框彩花裝飾眼鏡,,棕色的面部配飾。,棕框彩花裝飾眼鏡
553,純色眼罩,,基礎色的面部配飾。,純色眼罩
554,銀色純色眼罩,,銀色的面部配飾。,銀色純色眼罩
555,金色純色眼罩,,金色的面部配飾。,金色純色眼罩
556,黑色純色眼罩,,黑色的面部配飾。,黑色純色眼罩
557,白色純色眼罩,,白色的面部配飾。,白色純色眼罩
558,灰色純色眼罩,,灰色的面部配飾。,灰色純色眼罩
559,紅色純色眼罩,,紅色的面部配飾。,紅色純色眼罩
560,藍色純色眼罩,,藍色的面部配飾。,藍色純色眼罩
561,綠色純色眼罩,,綠色的面部配飾。,綠色純色眼罩
562,銅色純色眼罩,,銅色的面部配飾。,銅色純色眼罩
563,紫色純色眼罩,,紫色的面部配飾。,紫色純色眼罩
564,棕色純色眼罩,,棕色的面部配飾。,棕色純色眼罩
565,全息眼鏡,,基礎色的面部配飾。,全息眼鏡
566,銀色全息眼鏡,,銀色的面部配飾。,銀色全息眼鏡
567,金色全息眼鏡,,金色的面部配飾。,金色全息眼鏡
568,黑色全息眼鏡,,黑色的面部配飾。,黑色全息眼鏡
569,白色全息眼鏡,,白色的面部配飾。,白色全息眼鏡
570,灰色全息眼鏡,,灰色的面部配飾。,灰色全息眼鏡
571,紅色全息眼鏡,,紅色的面部配飾。,紅色全息眼鏡
572,藍色全息眼鏡,,藍色的面部配飾。,藍色全息眼鏡
573,綠色全息眼鏡,,綠色的面部配飾。,綠色全息眼鏡
574,銅色全息眼鏡,,銅色的面部配飾。,銅色全息眼鏡
575,紫色全息眼鏡,,紫色的面部配飾。,紫色全息眼鏡
576,棕色全息眼鏡,,棕色的面部配飾。,棕色全息眼鏡
577,左側折布眼罩,,基礎色的面部配飾。,左側折布眼罩
578,銀色左側折布眼罩,,銀色的面部配飾。,銀色左側折布眼罩
579,金色左側折布眼罩,,金色的面部配飾。,金色左側折布眼罩
580,黑色左側折布眼罩,,黑色的面部配飾。,黑色左側折布眼罩
581,白色左側折布眼罩,,白色的面部配飾。,白色左側折布眼罩
582,灰色左側折布眼罩,,灰色的面部配飾。,灰色左側折布眼罩
583,紅色左側折布眼罩,,紅色的面部配飾。,紅色左側折布眼罩
584,藍色左側折布眼罩,,藍色的面部配飾。,藍色左側折布眼罩
585,綠色左側折布眼罩,,綠色的面部配飾。,綠色左側折布眼罩
586,銅色左側折布眼罩,,銅色的面部配飾。,銅色左側折布眼罩
587,紫色左側折布眼罩,,紫色的面部配飾。,紫色左側折布眼罩
588,棕色左側折布眼罩,,棕色的面部配飾。,棕色左側折布眼罩
589,右側折布眼罩,,基礎色的面部配飾。,右側折布眼罩
590,銀色右側折布眼罩,,銀色的面部配飾。,銀色右側折布眼罩
591,金色右側折布眼罩,,金色的面部配飾。,金色右側折布眼罩
592,黑色右側折布眼罩,,黑色的面部配飾。,黑色右側折布眼罩
593,白色右側折布眼罩,,白色的面部配飾。,白色右側折布眼罩
594,灰色右側折布眼罩,,灰色的面部配飾。,灰色右側折布眼罩
595,紅色右側折布眼罩,,紅色的面部配飾。,紅色右側折布眼罩
596,藍色右側折布眼罩,,藍色的面部配飾。,藍色右側折布眼罩
597,綠色右側折布眼罩,,綠色的面部配飾。,綠色右側折布眼罩
598,銅色右側折布眼罩,,銅色的面部配飾。,銅色右側折布眼罩
599,紫色右側折布眼罩,,紫色的面部配飾。,紫色右側折布眼罩
600,棕色右側折布眼罩,,棕色的面部配飾。,棕色右側折布眼罩
601,全息護目鏡,,基礎色的面部配飾。,全息護目鏡
602,銀色全息護目鏡,,銀色的面部配飾。,銀色全息護目鏡
603,金色全息護目鏡,,金色的面部配飾。,金色全息護目鏡
604,黑色全息護目鏡,,黑色的面部配飾。,黑色全息護目鏡
605,白色全息護目鏡,,白色的面部配飾。,白色全息護目鏡
606,灰色全息護目鏡,,灰色的面部配飾。,灰色全息護目鏡
607,紅色全息護目鏡,,紅色的面部配飾。,紅色全息護目鏡
608,藍色全息護目鏡,,藍色的面部配飾。,藍色全息護目鏡
609,綠色全息護目鏡,,綠色的面部配飾。,綠色全息護目鏡
610,銅色全息護目鏡,,銅色的面部配飾。,銅色全息護目鏡
611,紫色全息護目鏡,,紫色的面部配飾。,紫色全息護目鏡
612,棕色全息護目鏡,,棕色的面部配飾。,棕色全息護目鏡
613,黑色墨鏡,,基礎色的面部配飾。,黑色墨鏡
614,銀框黑色墨鏡,,銀色的面部配飾。,銀框黑色墨鏡
615,金框黑色墨鏡,,金色的面部配飾。,金框黑色墨鏡
616,黑框黑色墨鏡,,黑色的面部配飾。,黑框黑色墨鏡
617,白框黑色墨鏡,,白色的面部配飾。,白框黑色墨鏡
618,灰框黑色墨鏡,,灰色的面部配飾。,灰框黑色墨鏡
619,紅框黑色墨鏡,,紅色的面部配飾。,紅框黑色墨鏡
620,藍框黑色墨鏡,,藍色的面部配飾。,藍框黑色墨鏡
621,綠框黑色墨鏡,,綠色的面部配飾。,綠框黑色墨鏡
622,銅框黑色墨鏡,,銅色的面部配飾。,銅框黑色墨鏡
623,紫框黑色墨鏡,,紫色的面部配飾。,紫框黑色墨鏡
624,棕框黑色墨鏡,,棕色的面部配飾。,棕框黑色墨鏡
