key,0,1,2
#,StageFull,Stage,IndexText2
offset,0,4,8
Int32,String,String,String
0,,,
1,第一次基地擴建工程　物資準備中<hex:02100103> <hex:024804F2023B03><hex:024904F2023C03>請積極參加探索任務籌備物資吧！,第一次基地擴建工程　物資準備中,是時候一起籌備物資，擴建月門基地啦！<hex:02100103>請積極參加探索任務幫忙籌備物資！
2,第一次基地擴建工程　聯合工程準備中<hex:02100103><hex:024804F2023B03><hex:024904F2023C03>請為聯合工程的開工做好準備！,第一次基地擴建工程　聯合工程準備中,擴建月門基地的聯合工程舉辦時間確定啦！<hex:02100103>到時候請務必要來幫忙呀！
3,第一次基地擴建工程　聯合工程進行中<hex:02100103><hex:024804F2023B03><hex:024904F2023C03>請積極參與其中吧！,第一次基地擴建工程　聯合工程進行中,擴建月門基地的聯合工程正在進行中！<hex:02100103>請一定要來幫忙呀！
4,月門基地：二級基地　竣工<hex:02100103><hex:024804F2023B03><hex:024904F2023C03>下一項工程尚在計劃階段，請先隨意放鬆一下吧！,月門基地：二級基地　竣工,月門基地擴建完畢啦！成果很棒！<hex:02100103>探索活動正在有條不紊地推進著，感謝大家的幫助！
5,第一次宇宙飛線鋪設工程支援行動　物資收集中<hex:02100103> <hex:024804F2023B03><hex:024904F2023C03>請積極參加探索任務籌備物資吧！,第一次宇宙飛線鋪設工程支援行動　物資收集中,我們需要在月門基地附近建設快速移動的宇宙飛線！<hex:02100103>請積極參加探索任務幫忙籌備物資！
6,第一次宇宙飛線鋪設工程支援行動　聯合工程準備中<hex:02100103><hex:024804F2023B03><hex:024904F2023C03>請為聯合工程的開工做好準備！,第一次宇宙飛線鋪設工程支援行動　聯合工程準備中,建設宇宙飛線的聯合工程舉辦時間確定啦！<hex:02100103>到時候請務必要來幫忙呀！
7,第一次宇宙飛線鋪設工程支援行動　聯合工程進行中<hex:02100103><hex:024804F2023B03><hex:024904F2023C03>請積極參與其中吧！,第一次宇宙飛線鋪設工程支援行動　聯合工程進行中,建設宇宙飛線的聯合工程正在進行中！<hex:02100103>請一定要來幫忙呀！
8,宇宙飛線內環線　竣工<hex:02100103><hex:024804F2023B03><hex:024904F2023C03>下一項工程尚在計劃階段，請先隨意放鬆一下吧！,宇宙飛線內環線　竣工,宇宙飛線竣工啦！<hex:02100103>這下就方便去更遠的地方探索了，感謝大家的幫助！
9,居住艙&宇宙港　建設物資準備中<hex:02100103> <hex:024804F2023B03><hex:024904F2023C03>請積極參加探索任務籌備物資吧！,居住艙&宇宙港　建設物資準備中,我們需要建設居住艙和發射宇宙飛船的宇宙港！<hex:02100103>請積極參加探索任務幫忙籌備物資！
10,居住艙安裝工程支援行動　聯合工程準備中<hex:02100103><hex:024804F2023B03><hex:024904F2023C03>請為聯合工程的開工做好準備！,居住艙安裝工程支援行動　聯合工程準備中,建設居住艙的聯合工程舉辦時間確定啦！<hex:02100103>到時候請務必要來幫忙呀！
11,居住艙安裝工程支援行動　聯合工程進行中<hex:02100103><hex:024804F2023B03><hex:024904F2023C03>請積極參與其中吧！,居住艙安裝工程支援行動　聯合工程進行中,建設居住艙的聯合工程正在進行中！<hex:02100103>請一定要來幫忙呀！
12,第一次宇宙港建設工程支援行動　物資準備中<hex:02100103><hex:024804F2023B03><hex:024904F2023C03>請為聯合工程的開工做好準備！,第一次宇宙港建設工程支援行動　物資準備中,建設宇宙港的聯合工程舉辦時間確定啦！<hex:02100103>到時候請務必要來幫忙呀！
13,第一次宇宙港建設工程支援行動　聯合工程進行中<hex:02100103><hex:024804F2023B03><hex:024904F2023C03>請積極參與其中吧！,第一次宇宙港建設工程支援行動　聯合工程進行中,建設宇宙港的聯合工程正在進行中！<hex:02100103>請一定要來幫忙呀！
14,居住艙&宇宙港　竣工<hex:02100103><hex:024804F2023B03><hex:024904F2023C03>下一項工程尚在計劃階段，請先隨意放鬆一下吧！,居住艙&宇宙港　竣工,居住艙和宇宙港竣工啦！<hex:02100103>越來越有基地的樣子了，感謝大家的幫助！
15,第一次機甲庫擴建工程　物資準備中<hex:02100103> <hex:024804F2023B03><hex:024904F2023C03>請積極參加探索任務籌備物資吧！,第一次機甲庫擴建工程　物資準備中,我們需要改建機甲庫，使其具備更高性能！<hex:02100103>請積極參加探索任務幫忙籌備物資！
16,第一次機甲庫擴建工程　聯合工程準備中<hex:02100103><hex:024804F2023B03><hex:024904F2023C03>請為聯合工程的開工做好準備！,第一次機甲庫擴建工程　聯合工程準備中,改建機甲庫的聯合工程舉辦時間確定啦！<hex:02100103>到時候請務必要來幫忙呀！
17,第一次機甲庫擴建工程　聯合工程進行中<hex:02100103><hex:024804F2023B03><hex:024904F2023C03>請積極參與其中吧！,第一次機甲庫擴建工程　聯合工程進行中,改建機甲庫的聯合工程正在進行中！<hex:02100103>請一定要來幫忙呀！
18,二級機甲庫　竣工<hex:02100103><hex:024804F2023B03><hex:024904F2023C03>下一項工程尚在計劃階段，請先隨意放鬆一下吧！,二級機甲庫　竣工,機甲庫改建完畢啦！具備了更高性能！<hex:02100103>相信今後機甲一定能發揮更重要的作用，感謝大家的幫助！
19,第二次宇宙飛線鋪設工程　物資準備中<hex:02100103> <hex:024804F2023B03><hex:024904F2023C03>請積極參加探索任務籌備物資吧！,第二次宇宙飛線鋪設工程　物資準備中,我們需要建設宇宙飛線西北線！<hex:02100103>請積極參加探索任務幫忙籌備物資！
20,第二次宇宙飛線鋪設工程　施工中<hex:02100103><hex:024804F2023B03><hex:024904F2023C03>請靜待宇宙飛線鋪設完成！,第二次宇宙飛線鋪設工程　施工中,宇宙飛線西北線的竣工時間確定啦！<hex:02100103>竣工之後整體環境將會變得更加便利，請再耐心等待一下！
21,宇宙飛線西北線　竣工<hex:02100103><hex:024804F2023B03><hex:024904F2023C03>下一項工程尚在計劃階段，請先隨意放鬆一下吧！,宇宙飛線西北線　竣工,宇宙飛線西北線竣工啦！<hex:02100103>相信今後對於西北方的探索會更進一步，感謝大家的幫助！
22,第三次宇宙飛線鋪設工程　物資準備中<hex:02100103> <hex:024804F2023B03><hex:024904F2023C03>請積極參加探索任務籌備物資吧！,第三次宇宙飛線鋪設工程　物資準備中,我們需要建設宇宙飛線東南線！<hex:02100103>請積極參加探索任務幫忙籌備物資！
23,第三次宇宙飛線鋪設工程　施工中<hex:02100103><hex:024804F2023B03><hex:024904F2023C03>請靜待宇宙飛線鋪設完成！,第三次宇宙飛線鋪設工程　施工中,宇宙飛線東南線的竣工時間確定啦！<hex:02100103>竣工之後整體環境將會變得更加便利，請再耐心等待一下！
24,宇宙飛線東南線　竣工<hex:02100103><hex:024804F2023B03><hex:024904F2023C03>下一項工程尚在計劃階段，請先隨意放鬆一下吧！,宇宙飛線東南線　竣工,宇宙飛線東南線竣工啦！<hex:02100103>相信今後對於東南方的探索會更進一步，感謝大家的幫助！
25,隧道貫通工程施工　物資準備中<hex:02100103> <hex:024804F2023B03><hex:024904F2023C03>請積極參加探索任務籌備物資吧！,隧道貫通工程施工　物資準備中,我們需要開通穿山隧道！<hex:02100103>請積極參加探索任務幫忙籌備物資！
26,第一次隧道貫通工程施工　聯合工程準備中<hex:02100103><hex:024804F2023B03><hex:024904F2023C03>請為聯合工程的開工做好準備！,第一次隧道貫通工程施工　聯合工程準備中,開通隧道的第一次聯合工程舉辦時間確定啦！<hex:02100103>到時候請務必要來幫忙呀！
27,第一次隧道貫通工程施工　聯合工程進行中<hex:02100103><hex:024804F2023B03><hex:024904F2023C03>請積極參與其中吧！,第一次隧道貫通工程施工　聯合工程進行中,開通隧道的第一次聯合工程正在進行中！<hex:02100103>請一定要來幫忙呀！
28,第二次隧道貫通工程施工　聯合工程準備中<hex:02100103><hex:024804F2023B03><hex:024904F2023C03>請為聯合工程的開工做好準備！,第二次隧道貫通工程施工　聯合工程準備中,開通隧道的第二次聯合工程舉辦時間確定啦！<hex:02100103>到時候請務必要來幫忙呀！
29,第二次隧道貫通工程施工　聯合工程進行中<hex:02100103><hex:024804F2023B03><hex:024904F2023C03>請積極參與其中吧！,第二次隧道貫通工程施工　聯合工程進行中,開通隧道的第二次聯合工程正在進行中！<hex:02100103>請一定要來幫忙呀！
30,穿行威隧道　竣工<hex:02100103><hex:024804F2023B03><hex:024904F2023C03>下一項工程尚在計劃階段，請先隨意放鬆一下吧！,穿行威隧道　竣工,穿行威隧道順利開通啦！<hex:02100103>相信今後對於隧道深處的探索會更進一步，感謝大家的幫助！
31,第四次宇宙飛線鋪設工程　物資準備中<hex:02100103> <hex:024804F2023B03><hex:024904F2023C03>請積極參加探索任務籌備物資吧！,第四次宇宙飛線鋪設工程　物資準備中,我們需要在隧道的另一邊鋪設宇宙飛線！<hex:02100103>請積極參加探索任務幫忙籌備物資！
32,第四次宇宙飛線鋪設工程　施工中<hex:02100103><hex:024804F2023B03><hex:024904F2023C03>請靜待宇宙飛線鋪設完成！,第四次宇宙飛線鋪設工程　施工中,宇宙飛線西南線的竣工時間確定啦！<hex:02100103>竣工之後整體環境將會變得更加便利，請再耐心等待一下！
33,宇宙飛線西南線　竣工<hex:02100103><hex:024804F2023B03><hex:024904F2023C03>下一項工程尚在計劃階段，請先隨意放鬆一下吧！,宇宙飛線西南線　竣工,宇宙飛線西南線竣工啦！<hex:02100103>相信今後的探索會更進一步，感謝大家的幫助！
34,第二次基地擴建工程　物資準備中<hex:02100103> <hex:024804F2023B03><hex:024904F2023C03>請積極參加探索任務籌備物資吧！,第二次基地擴建工程　物資準備中,我們需要再次擴建月門基地！<hex:02100103>請積極參加探索任務幫忙籌備物資！
35,第二次基地擴建工程　聯合工程準備中<hex:02100103><hex:024804F2023B03><hex:024904F2023C03>請為聯合工程的開工做好準備！,第二次基地擴建工程　聯合工程準備中,再次擴建月門基地的聯合工程舉辦時間確定啦！<hex:02100103>到時候請務必要來幫忙呀！
36,第二次基地擴建工程　聯合工程進行中<hex:02100103><hex:024804F2023B03><hex:024904F2023C03>請積極參與其中吧！,第二次基地擴建工程　聯合工程進行中,再次擴建月門基地的聯合工程正在進行中！<hex:02100103>請一定要來幫忙呀！
37,月門基地：三級基地　竣工<hex:02100103><hex:024804F2023B03><hex:024904F2023C03>下一項工程尚在計劃階段，請先隨意放鬆一下吧！,月門基地：三級基地　竣工,月門基地擴建完畢啦！這次的成果更棒！<hex:02100103>相信今後的探索活動會更進一步，感謝大家的幫助！
38,發電站&供水站　建設物資準備中<hex:02100103> <hex:024804F2023B03><hex:024904F2023C03>請積極參加探索任務籌備物資吧！,發電站&供水站　建設物資準備中,我們需要建設發電站和供水站！<hex:02100103>請積極參加探索任務幫忙籌備物資！
39,能源設施擴建工程支援行動　聯合工程準備中<hex:02100103><hex:024804F2023B03><hex:024904F2023C03>請為聯合工程的開工做好準備！,能源設施擴建工程支援行動　聯合工程準備中,建設發電站的聯合工程舉辦時間確定啦！<hex:02100103>到時候請務必要來幫忙呀！
40,能源設施擴建工程支援行動　聯合工程進行中<hex:02100103><hex:024804F2023B03><hex:024904F2023C03>請積極參與其中吧！,能源設施擴建工程支援行動　聯合工程進行中,建設發電站的聯合工程正在進行中！<hex:02100103>請一定要來幫忙呀！
41,供水設施擴建工程支援行動　聯合工程準備中<hex:02100103><hex:024804F2023B03><hex:024904F2023C03>請為聯合工程的開工做好準備！,供水設施擴建工程支援行動　聯合工程準備中,建設供水站的聯合工程舉辦時間確定啦！<hex:02100103>到時候請務必要來幫忙呀！
42,供水設施擴建工程支援行動　聯合工程進行中<hex:02100103><hex:024804F2023B03><hex:024904F2023C03>請積極參與其中吧！,供水設施擴建工程支援行動　聯合工程進行中,建設供水站的聯合工程正在進行中！<hex:02100103>請一定要來幫忙呀！
43,發電站&供水站　竣工<hex:02100103><hex:024804F2023B03><hex:024904F2023C03>下一項工程尚在計劃階段，請先隨意放鬆一下吧！,發電站&供水站　竣工,發電站和供水站竣工啦！<hex:02100103>這下就暫時不用擔心能量和供水的問題了，感謝大家的幫助！
44,二級機甲庫&宇宙港　改建物資準備中<hex:02100103> <hex:024804F2023B03><hex:024904F2023C03>請積極參加探索任務籌備物資吧！,二級機甲庫&宇宙港　改建物資準備中,我們需要改建機甲庫和宇宙港，使其具備更高性能！<hex:02100103>請積極參加探索任務幫忙籌備物資！
45,第二次機甲庫擴建工程　聯合工程準備中<hex:02100103><hex:024804F2023B03><hex:024904F2023C03>請為聯合工程的開工做好準備！,第二次機甲庫擴建工程　聯合工程準備中,改建機甲庫的聯合工程舉辦時間確定啦！<hex:02100103>到時候請務必要來幫忙呀！
46,第二次機甲庫擴建工程　聯合工程進行中<hex:02100103><hex:024804F2023B03><hex:024904F2023C03>請積極參與其中吧！,第二次機甲庫擴建工程　聯合工程進行中,改建機甲庫的聯合工程正在進行中！<hex:02100103>請一定要來幫忙呀！
47,第二次宇宙港建設工程支援行動　聯合工程準備中<hex:02100103><hex:024804F2023B03><hex:024904F2023C03>請為聯合工程的開工做好準備！,第二次宇宙港建設工程支援行動　聯合工程準備中,改建宇宙港的聯合工程舉辦時間確定啦！<hex:02100103>到時候請務必要來幫忙呀！
48,第二次宇宙港建設工程支援行動　聯合工程進行中<hex:02100103><hex:024804F2023B03><hex:024904F2023C03>請積極參與其中吧！,第二次宇宙港建設工程支援行動　聯合工程進行中,改建宇宙港的聯合工程正在進行中！<hex:02100103>請一定要來幫忙呀！
49,三級機甲庫&二級宇宙港　竣工<hex:02100103><hex:024804F2023B03><hex:024904F2023C03>下一項工程尚在計劃階段，請先隨意放鬆一下吧！,三級機甲庫&二級宇宙港　竣工,機甲庫和宇宙港改建完畢啦！具備了更高性能！<hex:02100103>相信今後探索活動將會更進一步，感謝大家的幫助！
50,升降梯建設用地整備工程　物資準備中<hex:02100103> <hex:024804F2023B03><hex:024904F2023C03>請積極參加探索任務籌備物資吧！,升降梯建設用地整備工程　物資準備中,我們需要開通前往月底的升降梯！<hex:02100103>請積極參加探索任務幫忙籌備物資！
51,第一次升降梯建設用地整備工程　聯合工程準備中<hex:02100103><hex:024804F2023B03><hex:024904F2023C03>請為聯合工程的開工做好準備！,第一次升降梯建設用地整備工程　聯合工程準備中,開通月底升降梯的第一次聯合工程舉辦時間確定啦！<hex:02100103>到時候請務必要來幫忙呀！
52,第一次升降梯建設用地整備工程　聯合工程進行中<hex:02100103><hex:024804F2023B03><hex:024904F2023C03>請積極參與其中吧！,第一次升降梯建設用地整備工程　聯合工程進行中,開通月底升降梯的第一次聯合工程正在進行中！<hex:02100103>請一定要來幫忙呀！
53,第二次升降梯建設用地整備工程　聯合工程準備中<hex:02100103><hex:024804F2023B03><hex:024904F2023C03>請為聯合工程的開工做好準備！,第二次升降梯建設用地整備工程　聯合工程準備中,開通月底升降梯的第二次聯合工程舉辦時間確定啦！<hex:02100103>到時候請務必要來幫忙呀！
54,第二次升降梯建設用地整備工程　聯合工程進行中<hex:02100103><hex:024804F2023B03><hex:024904F2023C03>請積極參與其中吧！,第二次升降梯建設用地整備工程　聯合工程進行中,開通月底升降梯的第二次聯合工程正在進行中！<hex:02100103>請一定要來幫忙呀！
55,月底升降梯　竣工<hex:02100103><hex:024804F2023B03><hex:024904F2023C03>下一項工程尚在計劃階段，請先隨意放鬆一下吧！,月底升降梯　竣工,月底升降梯竣工啦！<hex:02100103>相信今後對於地底空間的探索將會更進一步，感謝大家的幫助！
56,第五次宇宙飛線鋪設工程　物資準備中<hex:02100103> <hex:024804F2023B03><hex:024904F2023C03>請積極參加探索任務籌備物資吧！,第五次宇宙飛線鋪設工程　物資準備中,我們需要建設宇宙飛線地底線！<hex:02100103>請積極參加探索任務幫忙籌備物資！
57,第五次宇宙飛線鋪設工程　施工中<hex:02100103><hex:024804F2023B03><hex:024904F2023C03>請靜待宇宙飛線鋪設完成！,第五次宇宙飛線鋪設工程　施工中,宇宙飛線地底線的竣工時間確定啦！<hex:02100103>竣工之後整體環境將會變得更加便利，請再耐心等待一下！
58,宇宙飛線地底線　竣工<hex:02100103><hex:024804F2023B03><hex:024904F2023C03>下一項工程尚在計劃階段，請先隨意放鬆一下吧！,宇宙飛線地底線　竣工,宇宙飛線地底線竣工啦！<hex:02100103>相信今後的探索會更進一步，感謝大家的幫助！
59,基地綜合設施擴建工程　物資準備中<hex:02100103> <hex:024804F2023B03><hex:024904F2023C03>請積極參加探索任務籌備物資吧！,基地綜合設施擴建工程　物資準備中,我們需要大幅擴建月門基地！<hex:02100103>請積極參加探索任務幫忙籌備物資！
60,基地綜合設施擴建工程　聯合工程準備中<hex:02100103><hex:024804F2023B03><hex:024904F2023C03>請為聯合工程的開工做好準備！,基地綜合設施擴建工程　聯合工程準備中,大幅擴建月門基地的聯合工程舉辦時間確定啦！<hex:02100103>到時候請務必要來幫忙呀！
61,基地綜合設施擴建工程　聯合工程進行中<hex:02100103><hex:024804F2023B03><hex:024904F2023C03>請積極參與其中吧！,基地綜合設施擴建工程　聯合工程進行中,大幅擴建月門基地的聯合工程正在進行中！<hex:02100103>請一定要來幫忙呀！
62,月門基地：月上跳跳城　竣工<hex:02100103><hex:024804F2023B03><hex:024904F2023C03>遐想漫天星空，自由度過當下的時光吧！,月門基地：月上跳跳城　竣工,月門基地擴建完畢啦！<hex:02100103>這下基地變得好氣派啊，感謝大家的幫助！
63,月面基地整備計劃　圓滿完成<hex:02100103><hex:024804F2023B03><hex:024904F2023C03>遐想漫天星空，自由度過當下的時光吧！,月面基地整備計劃　圓滿完成,在大家的辛勤工作下，月球上的所有設施都建設完畢啦！<hex:02100103>一想到接下來將要踏上的全新旅程，內心就激動不已！
64,第一次基地擴建工程　物資收集中<hex:02100103> <hex:024804F2023B03><hex:024904F2023C03>請積極參加探索任務籌備物資吧！,第一次基地擴建工程　物資收集中,是時候一起籌備物資，擴建玻璃匠基地啦！<hex:02100103>請積極參加探索任務幫忙籌備物資！
65,第一次基地擴建工程　聯合工程準備中<hex:02100103><hex:024804F2023B03><hex:024904F2023C03>請為聯合工程的開工做好準備！,第一次基地擴建工程　聯合工程準備中,擴建玻璃匠基地的聯合工程舉辦時間確定啦！<hex:02100103>到時候請務必要來幫忙呀！
66,第一次基地擴建工程　聯合工程進行中<hex:02100103><hex:024804F2023B03><hex:024904F2023C03>請積極參與其中吧！,第一次基地擴建工程　聯合工程進行中,擴建玻璃匠基地的聯合工程正在進行中！<hex:02100103>請一定要來幫忙呀！
67,玻璃匠基地：二級基地　竣工<hex:02100103><hex:024804F2023B03><hex:024904F2023C03>下一項工程尚在計劃階段，請先隨意放鬆一下吧！,玻璃匠基地：二級基地　竣工,玻璃匠基地擴建完畢啦！<hex:02100103>探索活動正在有條不紊地推進著，感謝大家的幫助！
68,第一次宇宙飛線鋪設工程支援行動　物資收集中<hex:02100103> <hex:024804F2023B03><hex:024904F2023C03>請積極參加探索任務籌備物資吧！,第一次宇宙飛線鋪設工程支援行動　物資收集中,我們需要在玻璃匠基地附近建設宇宙飛線！<hex:02100103>請積極參加探索任務幫忙籌備物資！
69,第一次宇宙飛線鋪設工程支援行動　聯合工程準備中<hex:02100103><hex:024804F2023B03><hex:024904F2023C03>請為聯合工程的開工做好準備！,第一次宇宙飛線鋪設工程支援行動　聯合工程準備中,建設宇宙飛線的聯合工程舉辦時間確定啦！<hex:02100103>到時候請務必要來幫忙呀！
70,第一次宇宙飛線鋪設工程支援行動　聯合工程進行中<hex:02100103><hex:024804F2023B03><hex:024904F2023C03>請積極參與其中吧！,第一次宇宙飛線鋪設工程支援行動　聯合工程進行中,建設宇宙飛線的聯合工程正在進行中！<hex:02100103>請一定要來幫忙呀！
71,宇宙飛線基地周邊段　竣工<hex:02100103><hex:024804F2023B03><hex:024904F2023C03>下一項工程尚在計劃階段，請先隨意放鬆一下吧！,宇宙飛線基地周邊段　竣工,宇宙飛線竣工啦！<hex:02100103>這下就方便去更遠的地方探索了，感謝大家的幫助！
72,居住艙安裝工程支援行動　物資收集中<hex:02100103> <hex:024804F2023B03><hex:024904F2023C03>請積極參加探索任務籌備物資吧！,居住艙安裝工程支援行動　物資收集中,我們接下來需要建設居住艙！<hex:02100103>請積極參加探索任務幫忙籌備物資！
73,居住艙安裝工程支援行動　聯合工程準備中<hex:02100103><hex:024804F2023B03><hex:024904F2023C03>請為聯合工程的開工做好準備！,居住艙安裝工程支援行動　聯合工程準備中,建設居住艙的聯合工程舉辦時間確定啦！<hex:02100103>到時候請務必要來幫忙呀！
74,居住艙安裝工程支援行動　聯合工程進行中<hex:02100103><hex:024804F2023B03><hex:024904F2023C03>請積極參與其中吧！,居住艙安裝工程支援行動　聯合工程進行中,建設居住艙的聯合工程正在進行中！<hex:02100103>請一定要來幫忙呀！
75,居住艙　竣工<hex:02100103><hex:024804F2023B03><hex:024904F2023C03>下一項工程尚在計劃階段，請先隨意放鬆一下吧！,居住艙　竣工,居住艙竣工啦！<hex:02100103>這下大家在基地生活就變得更方便了，感謝大家的幫助！
76,發電站&供水站　建設物資收集中<hex:02100103> <hex:024804F2023B03><hex:024904F2023C03>請積極參加探索任務籌備物資吧！,發電站&供水站　建設物資收集中,我們需要建設發電站和供水站！<hex:02100103>請積極參加探索任務幫忙籌備物資！
77,能源設施建設工程支援行動　聯合工程準備中<hex:02100103><hex:024804F2023B03><hex:024904F2023C03>請為聯合工程的開工做好準備！,能源設施建設工程支援行動　聯合工程準備中,建設發電站的聯合工程舉辦時間確定啦！<hex:02100103>到時候請務必要來幫忙呀！
78,能源設施建設工程支援行動　聯合工程進行中<hex:02100103><hex:024804F2023B03><hex:024904F2023C03>請積極參與其中吧！,能源設施建設工程支援行動　聯合工程進行中,建設發電站的聯合工程正在進行中！<hex:02100103>請一定要來幫忙呀！
79,供水設施建設工程支援行動　聯合工程準備中<hex:02100103><hex:024804F2023B03><hex:024904F2023C03>請為聯合工程的開工做好準備！,供水設施建設工程支援行動　聯合工程準備中,建設供水站的聯合工程舉辦時間確定啦！<hex:02100103>到時候請務必要來幫忙呀！
80,供水設施建設工程支援行動　聯合工程進行中<hex:02100103><hex:024804F2023B03><hex:024904F2023C03>請積極參與其中吧！,供水設施建設工程支援行動　聯合工程進行中,建設供水站的聯合工程正在進行中！<hex:02100103>請一定要來幫忙呀！
81,發電站&供水站　竣工<hex:02100103><hex:024804F2023B03><hex:024904F2023C03>下一項工程尚在計劃階段，請先隨意放鬆一下吧！,發電站&供水站　竣工,發電站和供水站竣工啦！<hex:02100103>這下就暫時不用擔心能量和供水的問題了，感謝大家的幫助！
82,第一次機甲庫擴建工程　物資收集中<hex:02100103> <hex:024804F2023B03><hex:024904F2023C03>請積極參加探索任務籌備物資吧！,第一次機甲庫擴建工程　物資收集中,我們需要改建機甲庫！<hex:02100103>請積極參加探索任務幫忙籌備物資！
83,第一次機甲庫擴建工程　聯合工程準備中<hex:02100103><hex:024804F2023B03><hex:024904F2023C03>請為聯合工程的開工做好準備！,第一次機甲庫擴建工程　聯合工程準備中,改建機甲庫的聯合工程舉辦時間確定啦！<hex:02100103>到時候請務必要來幫忙呀！
84,第一次機甲庫擴建工程　聯合工程進行中<hex:02100103><hex:024804F2023B03><hex:024904F2023C03>請積極參與其中吧！,第一次機甲庫擴建工程　聯合工程進行中,改建機甲庫的聯合工程正在進行中！<hex:02100103>請一定要來幫忙呀！
85,二級機甲庫　竣工<hex:02100103><hex:024804F2023B03><hex:024904F2023C03>下一項工程尚在計劃階段，請先隨意放鬆一下吧！,二級機甲庫　竣工,機甲庫改建完畢啦！<hex:02100103>相信今後機甲一定能發揮更重要的作用，感謝大家的幫助！
86,第二次宇宙飛線鋪設工程　物資收集中<hex:02100103> <hex:024804F2023B03><hex:024904F2023C03>請積極參加探索任務籌備物資吧！,第二次宇宙飛線鋪設工程　物資收集中,我們需要建設宇宙飛線西北線到南線！<hex:02100103>請積極參加探索任務幫忙籌備物資！
87,第二次宇宙飛線鋪設工程　施工中<hex:02100103><hex:024804F2023B03><hex:024904F2023C03>請靜待宇宙飛線鋪設完成！,第二次宇宙飛線鋪設工程　施工中,宇宙飛線西北線到南線的竣工時間確定啦！<hex:02100103>竣工之後整體環境將會變得更加便利，請再耐心等待一下！
88,宇宙飛線平野段　竣工<hex:02100103><hex:024804F2023B03><hex:024904F2023C03>下一項工程尚在計劃階段，請先隨意放鬆一下吧！,宇宙飛線平野段　竣工,宇宙飛線西北線到南線竣工啦！<hex:02100103>相信今後對於遠方的探索會更進一步，感謝大家的幫助！
89,升降機建設工程　物資收集中<hex:02100103> <hex:024804F2023B03><hex:024904F2023C03>請積極參加探索任務籌備物資吧！,升降機建設工程　物資收集中,我們需要建設用於下降到膠囊峽谷谷底的升降機！<hex:02100103>請積極參加探索任務幫忙籌備物資！
90,第一次升降機建設工程　聯合工程準備中<hex:02100103><hex:024804F2023B03><hex:024904F2023C03>請為聯合工程的開工做好準備！,第一次升降機建設工程　聯合工程準備中,建設升降機的第一次聯合工程舉辦時間確定啦！<hex:02100103>到時候請務必要來幫忙呀！
91,第一次升降機建設工程　聯合工程進行中<hex:02100103><hex:024804F2023B03><hex:024904F2023C03>請積極參與其中吧！,第一次升降機建設工程　聯合工程進行中,建設升降機的第一次聯合工程正在進行中！<hex:02100103>請一定要來幫忙呀！
92,第二次升降機建設工程　聯合工程準備中<hex:02100103><hex:024804F2023B03><hex:024904F2023C03>請為聯合工程的開工做好準備！,第二次升降機建設工程　聯合工程準備中,建設升降機的第二次聯合工程舉辦時間確定啦！<hex:02100103>到時候請務必要來幫忙呀！
93,第二次升降機建設工程　聯合工程進行中<hex:02100103><hex:024804F2023B03><hex:024904F2023C03>請積極參與其中吧！,第二次升降機建設工程　聯合工程進行中,建設升降機的第二次聯合工程正在進行中！<hex:02100103>請一定要來幫忙呀！
94,嵌花升降機　竣工<hex:02100103><hex:024804F2023B03><hex:024904F2023C03>下一項工程尚在計劃階段，請先隨意放鬆一下吧！,嵌花升降機　竣工,嵌花升降機竣工啦！<hex:02100103>相信今後對於大洞深處的探索會更進一步，感謝大家的幫助！
95,第三次宇宙飛線鋪設工程　物資收集中<hex:02100103> <hex:024804F2023B03><hex:024904F2023C03>請積極參加探索任務籌備物資吧！,第三次宇宙飛線鋪設工程　物資收集中,我們需要在膠囊峽谷谷底建設宇宙飛線！<hex:02100103>一起籌備物資吧！
96,第三次宇宙飛線鋪設工程　施工中<hex:02100103><hex:024804F2023B03><hex:024904F2023C03>請靜待宇宙飛線鋪設完成！,第三次宇宙飛線鋪設工程　施工中,膠囊峽谷谷底的宇宙飛線的竣工時間確定啦！<hex:02100103>竣工之後整體環境將會變得更加便利，請再耐心等待一下！
97,宇宙飛線瀑布段　竣工<hex:02100103><hex:024804F2023B03><hex:024904F2023C03>下一項工程尚在計劃階段，請先隨意放鬆一下吧！,宇宙飛線瀑布段　竣工,膠囊峽谷谷底的宇宙飛線竣工啦！<hex:02100103>相信今後對於大洞深處的探索會更進一步，感謝大家的幫助！
98,第二次基地擴建工程　物資收集中<hex:02100103> <hex:024804F2023B03><hex:024904F2023C03>請積極參加探索任務籌備物資吧！,第二次基地擴建工程　物資收集中,我們需要再次擴建玻璃匠基地！<hex:02100103>請積極參加探索任務幫忙籌備物資！
99,第二次基地擴建工程　聯合工程準備中<hex:02100103><hex:024804F2023B03><hex:024904F2023C03>請為聯合工程的開工做好準備！,第二次基地擴建工程　聯合工程準備中,再次擴建玻璃匠基地的聯合工程舉辦時間確定啦！<hex:02100103>到時候請務必要來幫忙呀！
100,第二次基地擴建工程　聯合工程進行中<hex:02100103><hex:024804F2023B03><hex:024904F2023C03>請積極參與其中吧！,第二次基地擴建工程　聯合工程進行中,再次擴建玻璃匠基地的聯合工程正在進行中！<hex:02100103>請一定要來幫忙呀！
101,玻璃匠基地：三級基地　竣工<hex:02100103><hex:024804F2023B03><hex:024904F2023C03>下一項工程尚在計劃階段，請先隨意放鬆一下吧！,玻璃匠基地：三級基地　竣工,玻璃匠基地擴建完畢啦！這次的成果更棒！<hex:02100103>相信今後的探索活動會更進一步，感謝大家的幫助！
102,第二次機甲庫擴建工程　物資收集中<hex:02100103> <hex:024804F2023B03><hex:024904F2023C03>請積極參加探索任務籌備物資吧！,第二次機甲庫擴建工程　物資收集中,我們需要改建機甲庫！<hex:02100103>請積極參加探索任務幫忙籌備物資！
103,第二次機甲庫擴建工程　聯合工程準備中<hex:02100103><hex:024804F2023B03><hex:024904F2023C03>請為聯合工程的開工做好準備！,第二次機甲庫擴建工程　聯合工程準備中,改建機甲庫的聯合工程舉辦時間確定啦！<hex:02100103>到時候請務必要來幫忙呀！
104,第二次機甲庫擴建工程　聯合工程進行中<hex:02100103><hex:024804F2023B03><hex:024904F2023C03>請積極參與其中吧！,第二次機甲庫擴建工程　聯合工程進行中,改建機甲庫的聯合工程正在進行中！<hex:02100103>請一定要來幫忙呀！
105,三級機甲庫　竣工<hex:02100103><hex:024804F2023B03><hex:024904F2023C03>下一項工程尚在計劃階段，請先隨意放鬆一下吧！,三級機甲庫　竣工,機甲庫改建完畢啦！<hex:02100103>相信今後機甲一定能進一步發揮重要作用，感謝大家的幫助！
106,宇宙港建設工程支援行動　物資收集中<hex:02100103> <hex:024804F2023B03><hex:024904F2023C03>請積極參加探索任務籌備物資吧！,宇宙港建設工程支援行動　物資收集中,我們需要改建宇宙港！<hex:02100103>請積極參加探索任務幫忙籌備物資！
107,宇宙港建設工程支援行動　聯合工程準備中<hex:02100103><hex:024804F2023B03><hex:024904F2023C03>請為聯合工程的開工做好準備！,宇宙港建設工程支援行動　聯合工程準備中,改建宇宙港的聯合工程舉辦時間確定啦！<hex:02100103>到時候請務必要來幫忙呀！
108,宇宙港建設工程支援行動　聯合工程進行中<hex:02100103><hex:024804F2023B03><hex:024904F2023C03>請積極參與其中吧！,宇宙港建設工程支援行動　聯合工程進行中,改建宇宙港的聯合工程正在進行中！<hex:02100103>請一定要來幫忙呀！
109,二級宇宙港　竣工<hex:02100103><hex:024804F2023B03><hex:024904F2023C03>下一項工程尚在計劃階段，請先隨意放鬆一下吧！,二級宇宙港　竣工,宇宙港改建完畢啦！<hex:02100103>相信今後可以朝著更遙遠的星球進發了，感謝大家的幫助！
110,能量集散設施建設工程　物資收集中<hex:02100103> <hex:024804F2023B03><hex:024904F2023C03>請積極參加探索任務籌備物資吧！,能量集散設施建設工程　物資收集中,我們需要建設能量集散設施！<hex:02100103>請積極參加探索任務幫忙籌備物資！
111,第一次能量集散設施建設工程　聯合工程準備中<hex:02100103><hex:024804F2023B03><hex:024904F2023C03>請為聯合工程的開工做好準備！,第一次能量集散設施建設工程　聯合工程準備中,建設能量集散設施的第一次聯合工程舉辦時間確定啦！<hex:02100103>到時候請務必要來幫忙呀！
112,第一次能量集散設施建設工程　聯合工程進行中<hex:02100103><hex:024804F2023B03><hex:024904F2023C03>請積極參與其中吧！,第一次能量集散設施建設工程　聯合工程進行中,建設能量集散設施的第一次聯合工程正在進行中！<hex:02100103>請一定要來幫忙呀！
113,第二次能量集散設施建設工程　聯合工程準備中<hex:02100103><hex:024804F2023B03><hex:024904F2023C03>請為聯合工程的開工做好準備！,第二次能量集散設施建設工程　聯合工程準備中,建設能量集散設施的第二次聯合工程舉辦時間確定啦！<hex:02100103>到時候請務必要來幫忙呀！
114,第二次能量集散設施建設工程　聯合工程進行中<hex:02100103><hex:024804F2023B03><hex:024904F2023C03>請積極參與其中吧！,第二次能量集散設施建設工程　聯合工程進行中,建設能量集散設施的第二次聯合工程正在進行中！<hex:02100103>請一定要來幫忙呀！
115,超級光能站　竣工<hex:02100103><hex:024804F2023B03><hex:024904F2023C03>下一項工程尚在計劃階段，請先隨意放鬆一下吧！,超級光能站　竣工,兩臺超級光能站竣工啦！<hex:02100103>今後用於探索的能量將會更加充足，感謝大家的幫助！
116,冷卻無人機據點建設工程　物資收集中<hex:02100103> <hex:024804F2023B03><hex:024904F2023C03>請積極參加探索任務籌備物資吧！,冷卻無人機據點建設工程　物資收集中,我們需要建設熔融玻璃冷卻無人機用於擴大探索區域！<hex:02100103>請積極參加探索任務幫忙籌備物資！
117,冷卻無人機據點建設工程　聯合工程準備中<hex:02100103><hex:024804F2023B03><hex:024904F2023C03>請為聯合工程的開工做好準備！,冷卻無人機據點建設工程　聯合工程準備中,建設冷卻無人機據點的聯合工程舉辦時間確定啦！<hex:02100103>到時候請務必要來幫忙呀！
118,冷卻無人機據點建設工程　聯合工程進行中<hex:02100103><hex:024804F2023B03><hex:024904F2023C03>請積極參與其中吧！,冷卻無人機據點建設工程　聯合工程進行中,建設冷卻無人機據點的聯合工程正在進行中！<hex:02100103>請一定要來幫忙呀！
119,第一次冷卻熔融玻璃大作戰　執行準備中<hex:02100103> <hex:024804F2023B03><hex:024904F2023C03>請為聯合工程的開工做好準備！,第一次冷卻熔融玻璃大作戰　執行準備中,用於冷卻熔融玻璃大作戰的第一次聯合工程舉辦時間確定啦！<hex:02100103>到時候請務必要來幫忙呀！
120,第一次冷卻熔融玻璃大作戰　執行中<hex:02100103><hex:024804F2023B03><hex:024904F2023C03>請積極參與其中吧！,第一次冷卻熔融玻璃大作戰　執行中,用於冷卻熔融玻璃大作戰的第一次聯合工程正在進行中！<hex:02100103>請一定要來幫忙呀！
121,第二次冷卻熔融玻璃大作戰　執行準備中<hex:02100103> <hex:024804F2023B03><hex:024904F2023C03>請為聯合工程的開工做好準備！,第二次冷卻熔融玻璃大作戰　執行準備中,用於冷卻熔融玻璃大作戰的第二次聯合工程舉辦時間確定啦！<hex:02100103>到時候請務必要來幫忙呀！
122,第二次冷卻熔融玻璃大作戰　執行中<hex:02100103><hex:024804F2023B03><hex:024904F2023C03>請積極參與其中吧！,第二次冷卻熔融玻璃大作戰　執行中,用於冷卻熔融玻璃大作戰的第二次聯合工程正在進行中！<hex:02100103>請一定要來幫忙呀！
123,冷卻熔融玻璃大作戰　完成<hex:02100103><hex:024804F2023B03><hex:024904F2023C03>下一項工程尚在計劃階段，請先隨意放鬆一下吧！,冷卻熔融玻璃大作戰　完成,熔融玻璃已冷卻凝固，成功擴大了探索範圍！<hex:02100103>相信今後對於法恩娜行星的探索將會更進一步，感謝大家的幫助！
124,第四次宇宙飛線鋪設工程　物資收集中<hex:02100103> <hex:024804F2023B03><hex:024904F2023C03>請積極參加探索任務籌備物資吧！,第四次宇宙飛線鋪設工程　物資收集中,我們需要在熔火湧道建設宇宙飛線！<hex:02100103>一起籌備物資吧！
125,第四次宇宙飛線鋪設工程　施工中<hex:02100103><hex:024804F2023B03><hex:024904F2023C03>請靜待宇宙飛線鋪設完成！,第四次宇宙飛線鋪設工程　施工中,熔火湧道的宇宙飛線的竣工時間確定啦！<hex:02100103>竣工之後整體環境將會變得更加便利，請再耐心等待一下！
126,宇宙飛線火山口段　竣工<hex:02100103><hex:024804F2023B03><hex:024904F2023C03>下一項工程尚在計劃階段，請先隨意放鬆一下吧！,宇宙飛線火山口段　竣工,熔火湧道的宇宙飛線竣工啦！<hex:02100103>相信今後前往火山口附近將會更加方便，感謝大家的幫助！
127,基地綜合設施擴建工程　物資收集中<hex:02100103> <hex:024804F2023B03><hex:024904F2023C03>請積極參加探索任務籌備物資吧！,基地綜合設施擴建工程　物資收集中,我們需要對玻璃匠基地進行大幅擴建！<hex:02100103>一起籌備物資吧！
128,基地綜合設施擴建工程　聯合工程準備中<hex:02100103><hex:024804F2023B03><hex:024904F2023C03>請為聯合工程的開工做好準備！,基地綜合設施擴建工程　聯合工程準備中,大幅擴建玻璃匠基地的聯合工程舉辦時間確定啦！<hex:02100103>到時候請務必要來幫忙呀！
129,基地綜合設施擴建工程　聯合工程進行中<hex:02100103><hex:024804F2023B03><hex:024904F2023C03>請積極參與其中吧！,基地綜合設施擴建工程　聯合工程進行中,大幅擴建玻璃匠基地的聯合工程正在進行中！<hex:02100103>請一定要來幫忙呀！
130,玻璃匠基地：法恩娜觀星鏡　竣工<hex:02100103><hex:024804F2023B03><hex:024904F2023C03>遐想漫天星空，自由度過當下的時光吧！,玻璃匠基地：法恩娜觀星鏡　竣工,玻璃匠基地擴建完畢啦！<hex:02100103>這下法恩娜行星的基地也變得好氣派啊，感謝大家的幫助！
131,法恩娜行星探索計劃　圓滿完成<hex:02100103><hex:024804F2023B03><hex:024904F2023C03>遐想漫天星空，自由度過當下的時光吧！,法恩娜行星探索計劃　圓滿完成,在大家的辛勤工作下，法恩娜行星上的所有設施都建設完畢啦！<hex:02100103>目前正在尋找下一個要前往的星球，感謝大家迄今為止的努力！
132,居住艙安裝工程支援行動　物資收集中<hex:02100103> <hex:024804F2023B03><hex:024904F2023C03>請積極參加探索任務籌備物資吧！,居住艙安裝工程支援行動　物資收集中,為在基地生活的各位建造居住艙，<hex:02100103>支援大家工作的計劃正在進行中！
133,居住艙安裝工程支援行動　聯合工程準備中<hex:02100103><hex:024804F2023B03><hex:024904F2023C03>請在動工開始前前往集合地點！,居住艙安裝工程支援行動　聯合工程準備中,聯合工程「居住艙安裝工程支援行動」動工時間確定啦！<hex:02100103>到時候請務必要來幫忙呀！
134,居住艙安裝工程支援行動　聯合工程進行中<hex:02100103><hex:024804F2023B03><hex:024904F2023C03>請前往大地基地北邊積極參與其中吧！,居住艙安裝工程支援行動　聯合工程進行中,聯合工程「居住艙安裝工程支援行動」正在進行中！<hex:02100103>請一定要來幫忙呀！
135,居住艙　竣工<hex:02100103><hex:024804F2023B03><hex:024904F2023C03>下一項工程尚在計劃階段，請先隨意放鬆一下吧！,居住艙　竣工,為在基地生活的各位準備的居住艙竣工啦！<hex:02100103>相信今後的探索和研究活動會更進一步……感謝大家的幫助！
136,第一次宇宙飛線鋪設工程支援行動　物資收集中<hex:02100103> <hex:024804F2023B03><hex:024904F2023C03>請積極參加探索任務籌備物資吧！,第一次宇宙飛線鋪設工程支援行動　物資收集中,我們需要在中央平野建設宇宙飛線！<hex:02100103>請積極參加探索任務幫忙籌備物資！
137,第一次宇宙飛線鋪設工程支援行動　施工中<hex:02100103><hex:024804F2023B03><hex:024904F2023C03>請靜待宇宙飛線鋪設完成！,第一次宇宙飛線鋪設工程支援行動　施工中,正在為中央平野鋪設宇宙飛線！<hex:02100103>竣工之後整體環境將會變得更加便利，請再耐心等待一下！
138,中央平野線　竣工<hex:02100103><hex:024804F2023B03><hex:024904F2023C03>下一項工程尚在計劃階段，請先隨意放鬆一下吧！,中央平野線　竣工,中央平野線竣工啦！<hex:02100103>今後就能更方便前往遠處調查了，感謝大家的幫助！
139,能源設施建設工程支援行動　物資收集中<hex:02100103> <hex:024804F2023B03><hex:024904F2023C03>請積極參加探索任務籌備物資吧！,能源設施建設工程支援行動　物資收集中,為了在基地確保必須的能量和水源<hex:02100103>建設發電站和供水站的計劃正在進行中！
140,能源設施建設工程支援行動　聯合工程準備中<hex:02100103><hex:024804F2023B03><hex:024904F2023C03>請在動工開始前前往集合地點！,能源設施建設工程支援行動　聯合工程（共2期第1期）準備中,聯合工程「能源設施建設工程支援行動」動工時間確定啦！<hex:02100103>到時候請務必要來幫忙呀！
141,能源設施建設工程支援行動　聯合工程進行中<hex:02100103><hex:024804F2023B03><hex:024904F2023C03>請前往大地基地西邊積極參與其中吧！,能源設施建設工程支援行動　聯合工程（共2期第1期）進行中,聯合工程「能源設施建設工程支援行動」正在進行中！<hex:02100103>請一定要來幫忙呀！
142,供水設施建設工程支援行動　聯合工程準備中<hex:02100103><hex:024804F2023B03><hex:024904F2023C03>請在動工開始前前往集合地點！,供水設施建設工程支援行動　聯合工程（共2期第2期）準備中,發電站已建成！<hex:02100103>接下來輪到供水站了，希望大家能繼續來幫忙！
143,供水設施建設工程支援行動　聯合工程進行中<hex:02100103><hex:024804F2023B03><hex:024904F2023C03>請前往大地基地西邊積極參與其中吧！,供水設施建設工程支援行動　聯合工程（共2期第2期）進行中,聯合工程「供水設施建設工程支援行動」正在進行中！<hex:02100103>請一定要來幫忙呀！
144,能源設施和供水設施　竣工<hex:02100103><hex:024804F2023B03><hex:024904F2023C03>下一項工程尚在計劃階段，請先隨意放鬆一下吧！,發電站和供水站　竣工,發電站和供水站竣工啦！<hex:02100103>還建有實驗室，相信今後研究和開發工作會更進一步，感謝大家的幫助！
145,重力控制器安裝工程支援行動　物資準備中<hex:02100103> <hex:024804F2023B03><hex:024904F2023C03>請積極參加探索任務籌備物資吧！,重力控制器安裝工程支援行動　物資準備中,在錨山上安裝重力控制器，對飄在周圍的石頭進行固定，<hex:02100103>建成通往藍裂幽陸的橋樑的計劃正在進行中！
146,重力控制器安裝工程支援行動　聯合工程準備中<hex:02100103><hex:024804F2023B03><hex:024904F2023C03>請在動工開始前前往集合地點！,重力控制器安裝工程支援行動　聯合工程準備中,聯合工程「重力控制器安裝工程支援行動」動工時間確定啦！<hex:02100103>到時候請務必要來幫忙呀！
147,重力控制器安裝工程支援行動　聯合工程進行中<hex:02100103><hex:024804F2023B03><hex:024904F2023C03>請前往錨山積極參與其中吧！,重力控制器安裝工程支援行動　聯合工程進行中,聯合工程「重力控制器安裝工程支援行動」正在進行中！<hex:02100103>請一定要來幫忙呀！
148,重力控制器　竣工<hex:02100103><hex:024804F2023B03><hex:024904F2023C03>下一項工程尚在計劃階段，請先隨意放鬆一下吧！,重力控制器　竣工,重力控制器安裝完工啦！<hex:02100103>終於可以開始對藍裂幽陸的調查了，感謝大家的幫助！
149,第二次宇宙飛線鋪設工程支援行動　物資收集中<hex:02100103> <hex:024804F2023B03><hex:024904F2023C03>請積極參加探索任務籌備物資吧！,第二次宇宙飛線鋪設工程支援行動　物資收集中,我們需要在藍裂幽陸建設宇宙飛線！<hex:02100103>請積極參加探索任務幫忙籌備物資！
150,第二次宇宙飛線鋪設工程支援行動　施工中<hex:02100103><hex:024804F2023B03><hex:024904F2023C03>請靜待宇宙飛線鋪設完成！,第二次宇宙飛線鋪設工程支援行動　施工中,正在為藍裂幽陸鋪設宇宙飛線！<hex:02100103>竣工之後整體環境將會變得更加便利，請再耐心等待一下！
151,藍裂幽陸線　竣工<hex:02100103><hex:024804F2023B03><hex:024904F2023C03>下一項工程尚在計劃階段，請先隨意放鬆一下吧！,藍裂幽陸線　竣工,藍裂幽陸線竣工啦！<hex:02100103>今後就能更方便前往遠處調查了，感謝大家的幫助！
152,大地基地重建工程　物資準備中<hex:02100103> <hex:024804F2023B03><hex:024904F2023C03>請積極參加探索任務籌備物資吧！,大地基地重建工程　物資準備中,為了給基地深處的結晶體自形晶做修復，要對基地進行重建！<hex:02100103>說不定能解開曾經生活在這個星球上的先驅者們的謎團！
153,大地基地重建工程　聯合工程準備中<hex:02100103><hex:024804F2023B03><hex:024904F2023C03>請在動工開始前前往集合地點！,大地基地重建工程　聯合工程準備中,聯合工程「大地基地重建工程」動工時間確定啦！<hex:02100103>到時候請務必要來幫忙呀！
154,大地基地重建工程　聯合工程進行中<hex:02100103><hex:024804F2023B03><hex:024904F2023C03>請前往大地基地積極參與其中吧！,大地基地重建工程　聯合工程進行中,聯合工程「大地基地重建工程」正在進行中！<hex:02100103>請一定要來幫忙呀！
155,大地基地重建工程　竣工<hex:02100103><hex:024804F2023B03><hex:024904F2023C03>下一項工程尚在計劃階段，請先隨意放鬆一下吧！,大地基地重建工程　竣工,大地基地重建完工啦！<hex:02100103>接下來的目標就是要讓中央設施完全恢復運轉！
156,自形晶修復計劃　支援物資準備中<hex:02100103> <hex:024804F2023B03><hex:024904F2023C03>請積極參加探索任務籌備支援物資吧！,自形晶修復計劃　支援物資準備中,基地中的結晶體自形晶的表面老化渾濁了！<hex:02100103>需要對其進行活化並調整乙太的流動性，修復計劃正在進行中！
157,自形晶修復計劃　聯合工程準備中<hex:02100103><hex:024804F2023B03><hex:024904F2023C03>請在正式開始前前往集合地點！,自形晶修復計劃　聯合工程準備中,聯合工程「自形晶修復計劃」開始時間確定啦！<hex:02100103>到時候請務必要來幫忙呀！
158,自形晶修復計劃　聯合工程進行中<hex:02100103><hex:024804F2023B03><hex:024904F2023C03>請前往大地基地內的架臺積極參與其中吧！,自形晶修復計劃　聯合工程進行中,聯合工程「自形晶修復計劃」正在進行中！<hex:02100103>請一定要來幫忙呀！
159,自形晶修復計劃　圓滿完成<hex:02100103><hex:024804F2023B03><hex:024904F2023C03>下一項工程尚在計劃階段，請先隨意放鬆一下吧！,自形晶修復計劃　圓滿完成,自形晶中央設施的修復完成啦！<hex:02100103>接下來研究團隊就要開始解析工作了！
160,宇宙港建設工程支援行動　物資準備中<hex:02100103> <hex:024804F2023B03><hex:024904F2023C03>請積極參加探索任務籌備物資吧！,宇宙港建設工程支援行動　物資準備中,為了能將該星球的遺物和礦石更高效地送往亞伊太利斯，<hex:02100103>我們需要對宇宙港進行升級！
161,宇宙港建設工程支援行動　聯合工程準備中<hex:02100103><hex:024804F2023B03><hex:024904F2023C03>請在動工開始前前往集合地點！,宇宙港建設工程支援行動　聯合工程準備中,聯合工程「宇宙港建設工程支援行動」動工時間確定啦！<hex:02100103>到時候請務必要來幫忙呀！
162,宇宙港建設工程支援行動　聯合工程進行中<hex:02100103><hex:024804F2023B03><hex:024904F2023C03>請前往大地基地北邊積極參與其中吧！,宇宙港建設工程支援行動　聯合工程進行中,聯合工程「宇宙港建設工程支援行動」正在進行中！<hex:02100103>請一定要來幫忙呀！
163,宇宙港　竣工<hex:02100103><hex:024804F2023B03><hex:024904F2023C03>下一項工程尚在計劃階段，請先隨意放鬆一下吧！,宇宙港　竣工,宇宙港升級完成後，可以將更多研究物資送往亞伊太利斯啦！<hex:02100103>相信今後的研究工作一定能有條不紊地推進吧！
164,翠核深谷遺跡挖掘計劃　支援物資準備中<hex:02100103> <hex:024804F2023B03><hex:024904F2023C03>請積極參加探索任務籌備支援物資吧！,翠核深谷遺跡挖掘計劃　支援物資準備中,在翠核深谷發現了疑似遺跡的痕跡！<hex:02100103>請協助挖掘計劃，幫忙籌備支援物資！
165,翠核深谷遺跡挖掘計劃　聯合工程準備中<hex:02100103><hex:024804F2023B03><hex:024904F2023C03>請在正式開始前前往集合地點！,翠核深谷遺跡挖掘計劃　聯合工程準備中,聯合工程「翠核深谷遺跡挖掘計劃」開始時間確定啦！<hex:02100103>到時候請務必要來幫忙呀！
166,翠核深谷遺跡挖掘計劃　聯合工程進行中<hex:02100103><hex:024804F2023B03><hex:024904F2023C03>請前往翠核深谷積極參與其中吧！,翠核深谷遺跡挖掘計劃　聯合工程進行中,聯合工程「翠核深谷遺跡挖掘計劃」正在進行中！<hex:02100103>請一定要來幫忙呀！
167,翠核深谷遺跡挖掘計劃　圓滿完成<hex:02100103><hex:024804F2023B03><hex:024904F2023C03>下一項工程尚在計劃階段，請先隨意放鬆一下吧！,翠核深谷遺跡挖掘計劃　圓滿完成,在翠核深谷進行一番發掘後發現了遺跡入口！<hex:02100103>宇宙飛線也已經順利延長，感謝大家的幫助！
168,翠核深谷遺跡解鎖計劃　支援物資準備中<hex:02100103> <hex:024804F2023B03><hex:024904F2023C03>請積極參加探索任務籌備支援物資吧！,翠核深谷遺跡解鎖計劃　支援物資準備中,想要打開遺跡的大門，似乎需要對入口處的礦石進行活化！<hex:02100103>請積極為解鎖計劃提供幫助！
169,翠核深谷遺跡解鎖計劃　聯合工程準備中<hex:02100103><hex:024804F2023B03><hex:024904F2023C03>請在正式開始前前往集合地點！,翠核深谷遺跡解鎖計劃　聯合工程準備中,聯合工程「翠核深谷遺跡解鎖計劃」開始時間確定啦！<hex:02100103>到時候請務必要來幫忙呀！
170,翠核深谷遺跡解鎖計劃　聯合工程進行中<hex:02100103><hex:024804F2023B03><hex:024904F2023C03>請前往翠核深谷遺跡積極參與其中吧！,翠核深谷遺跡解鎖計劃　聯合工程進行中,聯合工程「翠核深谷遺跡解鎖計劃」正在進行中！<hex:02100103>請一定要來幫忙呀！
171,翠核深谷遺跡　解鎖完成<hex:02100103><hex:024804F2023B03><hex:024904F2023C03>下一項工程尚在計劃階段，請先隨意放鬆一下吧！,翠核深谷遺跡　解鎖完成,成功打開了翠核深谷遺跡的大門！<hex:02100103>可以進一步探索裡面究竟有什麼了！
172,翠核深谷遺跡修復計劃　支援物資準備中<hex:02100103> <hex:024804F2023B03><hex:024904F2023C03>請積極參加探索任務籌備支援物資吧！,翠核深谷遺跡修復計劃　支援物資準備中,讓在翠核深谷遺跡內部發現的結晶體重新運轉起來，<hex:02100103>修復遺跡，解開先驅者們謎團的計劃正在進行中！
173,翠核深谷遺跡修復計劃　聯合工程準備中<hex:02100103><hex:024804F2023B03><hex:024904F2023C03>請在正式開始前前往集合地點！,翠核深谷遺跡修復計劃　聯合工程準備中,聯合工程「翠核深谷遺跡修復計劃」開始時間確定啦！<hex:02100103>到時候請務必要來幫忙呀！
174,翠核深谷遺跡修復計劃　聯合工程進行中<hex:02100103><hex:024804F2023B03><hex:024904F2023C03>請前往翠核深谷遺跡積極參與其中吧！,翠核深谷遺跡修復計劃　聯合工程進行中,聯合工程「翠核深谷遺跡修復計劃」正在進行中！<hex:02100103>請一定要來幫忙呀！
175,翠核深谷遺跡　修復完成<hex:02100103><hex:024804F2023B03><hex:024904F2023C03>下一項工程尚在計劃階段，請先隨意放鬆一下吧！,翠核深谷遺跡　修復完成,隨著導石修復完成，遺跡內部原本的功能也恢復了！<hex:02100103>這下就可以對遺跡深處進行正式的調查啦！
176,翠核深谷遺跡最深處重啟計劃　支援物資準備中<hex:02100103> <hex:024804F2023B03><hex:024904F2023C03>請積極參加探索任務籌備支援物資吧！,翠核深谷遺跡最深處重啟計劃　支援物資準備中,就像之前修復自形晶一樣，我們要對遺跡最深處的劣化結晶體<hex:02100103>進行活化並調整乙太的流動性，修復計劃正在進行中！
177,翠核深谷遺跡最深處重啟計劃　聯合工程準備中<hex:02100103><hex:024804F2023B03><hex:024904F2023C03>請在正式開始前前往集合地點！,翠核深谷遺跡最深處重啟計劃　聯合工程準備中,聯合工程「翠核深谷遺跡最深處重啟計劃」開始時間確定啦！<hex:02100103>到時候請務必要來幫忙呀！
178,翠核深谷遺跡最深處重啟計劃　聯合工程進行中<hex:02100103><hex:024804F2023B03><hex:024904F2023C03>請前往翠核深谷遺跡積極參與其中吧！,翠核深谷遺跡最深處重啟計劃　聯合工程進行中,聯合工程「翠核深谷遺跡最深處重啟計劃」正在進行中！<hex:02100103>請一定要來幫忙呀！
179,翠核深谷遺跡最深處　重啟完成<hex:02100103><hex:024804F2023B03><hex:024904F2023C03>下一項工程尚在計劃階段，請先隨意放鬆一下吧！,翠核深谷遺跡最深處　重啟完成,荒漠地洞遺跡最深處的設施元形晶已經重新開始運轉啦！<hex:02100103>感謝大家的幫助！
180,第三次宇宙飛線鋪設工程支援行動　物資收集中<hex:02100103> <hex:024804F2023B03><hex:024904F2023C03>請積極參加探索任務籌備物資吧！,第三次宇宙飛線鋪設工程支援行動　物資收集中,我們需要在翠核深谷內部建設宇宙飛線！<hex:02100103>請積極參加探索任務幫忙籌備物資！
181,第三次宇宙飛線鋪設工程支援行動　施工中<hex:02100103><hex:024804F2023B03><hex:024904F2023C03>請靜待宇宙飛線鋪設完成！,第三次宇宙飛線鋪設工程支援行動　施工中,正在為翠核深谷內部鋪設宇宙飛線！<hex:02100103>竣工之後整體環境將會變得更加便利，請再耐心等待一下！
182,翠核深谷線　竣工<hex:02100103><hex:024804F2023B03><hex:024904F2023C03>下一項工程尚在計劃階段，請先隨意放鬆一下吧！,翠核深谷線　竣工,翠核深谷線竣工啦！<hex:02100103>今後就能更方便前往遠處調查了，感謝大家的幫助！
183,大地基地結構強化工程　物資收集中<hex:02100103> <hex:024804F2023B03><hex:024904F2023C03>請積極參加探索任務籌備物資吧！,大地基地結構強化工程　物資收集中,我們需要在總部基地最高處建造通訊設施，方便接收來自翠核深谷遺跡的大量情報！<hex:02100103>為了對此進行準備，基地結構強化計劃正在進行中！
184,大地基地結構強化工程　聯合工程準備中<hex:02100103><hex:024804F2023B03><hex:024904F2023C03>請在動工開始前前往集合地點！,大地基地結構強化工程　聯合工程準備中,聯合工程「大地基地結構強化工程」動工時間確定啦！<hex:02100103>到時候請務必要來幫忙呀！
185,大地基地結構強化工程　聯合工程進行中<hex:02100103><hex:024804F2023B03><hex:024904F2023C03>請前往大地基地積極參與其中吧！,大地基地結構強化工程　聯合工程進行中,聯合工程「大地基地結構強化工程」正在進行中！<hex:02100103>請一定要來幫忙呀！
186,大地基地結構強化工程　竣工<hex:02100103><hex:024804F2023B03><hex:024904F2023C03>下一項工程尚在計劃階段，請先隨意放鬆一下吧！,大地基地結構強化工程　竣工,成功對總部基地的結構進行了強化！<hex:02100103>這下就可以在基地最高處建造通訊設施啦，感謝大家的幫助！
187,自形晶重啟作戰　物資收集中<hex:02100103> <hex:024804F2023B03><hex:024904F2023C03>請積極參加探索任務籌備物資吧！,自形晶重啟作戰　物資收集中,在大地基地最高處建造巨大的通訊設備，<hex:02100103>將來自翠核深谷遺跡的數據傳送到自形晶的計劃正在進行中！
188,自形晶重啟作戰　聯合工程準備中<hex:02100103><hex:024804F2023B03><hex:024904F2023C03>請乘坐升降機前往大地基地最高處集合！,自形晶重啟作戰　聯合工程準備中,聯合工程「自形晶重啟作戰」動工時間確定啦！<hex:02100103>到時候請務必要來幫忙呀！
189,自形晶重啟作戰　聯合工程進行中<hex:02100103><hex:024804F2023B03><hex:024904F2023C03>請乘坐大地基地的升降機積極前往參加吧！,自形晶重啟作戰　聯合工程進行中,聯合工程「自形晶重啟作戰」正在進行中！<hex:02100103>請一定要乘坐大地基地的升降機來幫忙呀！
190,自形晶重啟作戰　準備完成<hex:02100103><hex:024804F2023B03><hex:024904F2023C03>遐想漫天星空，自由度過當下的時光吧！,自形晶重啟作戰　準備完成,通訊設備立石塔完工啦！<hex:02100103>感謝大家一直以來的幫助！
191,俄匊斯行星探索計劃　圓滿完成<hex:02100103><hex:024804F2023B03><hex:024904F2023C03>遐想漫天星空，自由度過當下的時光吧！,俄匊斯行星探索計劃　圓滿完成,在大家的辛勤工作下，<hex:02100103>行星的調查和解析工作取得了突破性進展！太感謝各位啦！
192,,,
193,,,
194,,,
195,,,
196,,,
197,,,
198,,,
199,,,
